,x,y,noise,distance_to_mass_center
2018-01-01 00:00:00.000,-0.9985,-2.0,0.0316770632690571,0.0009980000995218465
2018-01-01 00:00:00.020,-0.9985001981751288,-1.9999811141666406,0.0297056559418974,0.0009979811747814645
2018-01-01 00:00:00.040,-0.9985007925936928,-1.9999622373155774,0.0279300422875617,0.0009979233286660006
2018-01-01 00:00:00.060,-0.9985017829352898,-1.9999433784238847,0.0263739789822073,0.000997826562955486
2018-01-01 00:00:00.080,-0.9985031686661311,-1.9999245464581974,0.0250590554656054,0.0009976908807453847
2018-01-01 00:00:00.100,-0.9985049490393665,-1.9999057503694992,0.0240044128518216,0.0009975162864457713
2018-01-01 00:00:00.120,-0.9985071230955356,-1.99988699908792,0.023226492612196,0.0009973027857827466
2018-01-01 00:00:00.140,-0.9985096896631505,-1.9998683015175476,0.0227388182692843,0.0009970503857974471
2018-01-01 00:00:00.160,-0.9985126473594049,-1.9998496665312535,0.0225518129210472,0.000996759094847287
2018-01-01 00:00:00.180,-0.998515994591013,-1.999831102965541,0.0226726549589917,0.000996428922605594
2018-01-01 00:00:00.200,-0.9985197295551748,-1.999812619615412,0.0231051738580001,0.0009960598800620277
2018-01-01 00:00:00.220,-0.9985238502406681,-1.9997942252292642,0.0238497874054583,0.0009956519795231056
2018-01-01 00:00:00.240,-0.9985283544290686,-1.9997759285038117,0.0249034812095503,0.000995205234612291
2018-01-01 00:00:00.260,-0.9985332396960926,-1.999757738079043,0.0262598307879759,0.000994719660270653
2018-01-01 00:00:00.280,-0.9985385034130672,-1.9997396625332102,0.02790906599578,0.0009941952727569334
2018-01-01 00:00:00.300,-0.9985441427485217,-1.9997217103778582,0.0298381770114002,0.0009936320896484791
2018-01-01 00:00:00.320,-0.9985501546699038,-1.9997038900528956,0.0320310605703589,0.00099303012984109
2018-01-01 00:00:00.340,-0.9985565359454164,-1.9996862099217085,0.0344687046230383,0.0009923894135499326
2018-01-01 00:00:00.360,-0.9985632831459744,-1.999668678266323,0.0371294091032429,0.0009917099623098686
2018-01-01 00:00:00.380,-0.9985703926472818,-1.9996513032826178,0.0399890400340631,0.0009909917989763969
2018-01-01 00:00:00.400,-0.9985778606320264,-1.9996340930755887,0.0430213137727871,0.0009902349477255014
2018-01-01 00:00:00.420,-0.9985856830921904,-1.999617055654673,0.0461981078127196,0.0009894394340549566
2018-01-01 00:00:00.440,-0.9985938558314778,-1.9996001989291285,0.0494897942216637,0.0009886052847845137
2018-01-01 00:00:00.460,-0.9986023744678529,-1.9995835307034784,0.0528655915088466,0.00098773252805659
2018-01-01 00:00:00.480,-0.9986112344361936,-1.9995670586730185,0.0562939304778988,0.0009868211933370574
2018-01-01 00:00:00.500,-0.9986204309910525,-1.9995507904193932,0.0597428294461366,0.0009858713114162157
2018-01-01 00:00:00.520,-0.9986299592095288,-1.9995347334062423,0.0631802740921146,0.0009848829144085145
2018-01-01 00:00:00.540,-0.9986398139942455,-1.9995188949749192,0.0665745971357247,0.0009838560357544918
2018-01-01 00:00:00.560,-0.9986499900764323,-1.9995032823402867,0.0698948530587507,0.0009827907102205645
2018-01-01 00:00:00.580,-0.998660482019111,-1.9994879025865895,0.0731111831387007,0.0009816869739007364
2018-01-01 00:00:00.600,-0.9986712842203826,-1.9994727626634086,0.0761951661940883,0.0009805448642164895
2018-01-01 00:00:00.620,-0.9986823909168134,-1.9994578693816991,0.0791201506235186,0.0009793644199177578
2018-01-01 00:00:00.640,-0.9986937961869168,-1.9994432294099123,0.0818615635615739,0.0009781456810844277
2018-01-01 00:00:00.660,-0.9987054939547308,-1.9994288492702081,0.0843971932685213,0.0009768886891262545
2018-01-01 00:00:00.680,-0.9987174779934883,-1.999414735334756,0.0867074412144826,0.0009755934867845806
2018-01-01 00:00:00.700,-0.9987297419293762,-1.9994008938221304,0.0887755407075259,0.000974260118132238
2018-01-01 00:00:00.720,-0.9987422792453835,-1.9993873307937993,0.0905877393441612,0.0009728886285754791
2018-01-01 00:00:00.740,-0.9987550832852338,-1.999374052150712,0.0921334430244451,0.0009714790648541273
2018-01-01 00:00:00.760,-0.9987681472574018,-1.9993610636299843,0.0934053197663815,0.0009700314750426262
2018-01-01 00:00:00.780,-0.9987814642392094,-1.9993483708016864,0.09439936206922,0.0009685459085511003
2018-01-01 00:00:00.800,-0.9987950271809996,-1.9993359790657326,0.095114907106006,0.0009670224161262951
2018-01-01 00:00:00.820,-0.9988088289103858,-1.999323893648878,0.0955546145655176,0.0009654610498520993
2018-01-01 00:00:00.840,-0.9988228621365742,-1.99931211960182,0.0957244025056079,0.0009638618631511931
2018-01-01 00:00:00.860,-0.9988371194547553,-1.9993006617964104,0.0956333421170188,0.0009622249107853769
2018-01-01 00:00:00.880,-0.9988515933505623,-1.9992895249229774,0.0952935128220493,0.0009605502488567706
2018-01-01 00:00:00.900,-0.9988662762045952,-1.9992787134877588,0.0947198196393169,0.0009588379348087405
2018-01-01 00:00:00.920,-0.9988811602970048,-1.9992682318104507,0.0939297752277518,0.0009570880274265654
2018-01-01 00:00:00.940,-0.998896237812136,-1.9992580840218692,0.0929432494737226,0.000955300586838995
2018-01-01 00:00:00.960,-0.998911500843227,-1.9992482740617306,0.0917821898990459,0.0009534756745187774
2018-01-01 00:00:00.980,-0.9989269413971612,-1.999238805676548,0.0904703165392676,0.0009516133532834927
2018-01-01 00:00:01.000,-0.9989425513992684,-1.9992296824176483,0.0890327952662657,0.0009497136872969058
2018-01-01 00:00:01.020,-0.9989583226981733,-1.999220907639309,0.0874958938027512,0.0009477767420692978
2018-01-01 00:00:01.040,-0.9989742470706879,-1.9992124844970158,0.0858866248951383,0.0009458025844593293
2018-01-01 00:00:01.060,-0.998990316226744,-1.9992044159458444,0.0842323812727147,0.0009437912826740888
2018-01-01 00:00:01.080,-0.9990065218143637,-1.9991967047389647,0.0825605671230037,0.0009417429062700667
2018-01-01 00:00:01.100,-0.9990228554246646,-1.9991893534262688,0.080898230854375,0.0009396575261549894
2018-01-01 00:00:01.120,-0.999039308596896,-1.999182364353126,0.0792717038968096,0.0009375352145877913
2018-01-01 00:00:01.140,-0.9990558728235037,-1.9991757396592624,0.0777062502105272,0.0009353760451793202
2018-01-01 00:00:01.160,-0.9990725395552195,-1.9991694812777672,0.0762257310309824,0.0009331800928944543
2018-01-01 00:00:01.180,-0.9990893002061728,-1.9991635909342267,0.0748522891793704,0.0009309474340514653
2018-01-01 00:00:01.200,-0.9991061461590212,-1.9991580701459855,0.0736060570127966,0.000928678146324006
2018-01-01 00:00:01.220,-0.9991230687700959,-1.9991529202215361,0.0725048917809585,0.0009263723087410058
2018-01-01 00:00:01.240,-0.9991400593745604,-1.9991481422600363,0.0715641418005049,0.000924030001688531
2018-01-01 00:00:01.260,-0.9991571092915769,-1.9991437371509562,0.0707964464587517,0.000921651306909723
2018-01-01 00:00:01.280,-0.9991742098294798,-1.9991397055738533,0.0702115726202856,0.0009192363075054864
2018-01-01 00:00:01.300,-0.9991913522909518,-1.9991360479982767,0.069816289538799,0.0009167850879359043
2018-01-01 00:00:01.320,-0.9992085279781977,-1.9991327646838,0.069614283878336,0.000914297734020666
2018-01-01 00:00:01.340,-0.999225728198117,-1.9991298556801838,0.0696061159293861,0.00091177433293925
2018-01-01 00:00:01.360,-0.999242944267467,-1.999127320827666,0.0697892175726085,0.0009092149732320395
2018-01-01 00:00:01.380,-0.999260167518017,-1.9991251597573811,0.0701579320032421,0.0009066197448012539
2018-01-01 00:00:01.400,-0.9992773893016891,-1.999123371891907,0.0707035946894024,0.000903988738910948
2018-01-01 00:00:01.420,-0.9992946009956812,-1.9991219564459408,0.0714146545044046,0.0009013220481875336
2018-01-01 00:00:01.440,-0.9993117940075712,-1.9991209124271,0.0722768334538513,0.0008986197666211191
2018-01-01 00:00:01.460,-0.9993289597803975,-1.999120238636853,0.0732733229191341,0.0008958819895649089
2018-01-01 00:00:01.480,-0.9993460897977136,-1.9991199336715726,0.07438501386666,0.0008931088137360631
2018-01-01 00:00:01.500,-0.999363175588613,-1.999119995923717,0.075590758032566,0.0008903003372169613
2018-01-01 00:00:01.520,-0.9993802087327225,-1.999120423583135,0.0768676566916051,0.0008874566594539842
2018-01-01 00:00:01.540,-0.9993971808651582,-1.999121214638495,0.0781913732614068,0.0008845778812588366
2018-01-01 00:00:01.560,-0.9994140836814442,-1.9991223668788345,0.079536465684044,0.0008816641048091535
2018-01-01 00:00:01.580,-0.9994309089423898,-1.9991238778952358,0.0808767342697456,0.0008787154336476064
2018-01-01 00:00:01.600,-0.9994476484789202,-1.999125745082618,0.082185580485988,0.00087573197268283
2018-01-01 00:00:01.620,-0.9994642941968609,-1.9991279656416505,0.0834363720316783,0.0008727138281897412
2018-01-01 00:00:01.640,-0.9994808380816712,-1.9991305365807843,0.0846028094525462,0.0008696611078089863
2018-01-01 00:00:01.660,-0.9994972722031235,-1.9991334547184003,0.0856592895312823,0.0008665739205475153
2018-01-01 00:00:01.680,-0.9995135887199262,-1.999136716685073,0.0865812607246851,0.0008634523767779515
2018-01-01 00:00:01.700,-0.9995297798842873,-1.9991403189259473,0.0873455660196228,0.0008602965882397426
2018-01-01 00:00:01.720,-0.9995458380464153,-1.9991442577032297,0.087930768738707,0.0008571066680372165
2018-01-01 00:00:01.740,-0.9995617556589558,-1.9991485290987878,0.088317457043175,0.000853882730640912
2018-01-01 00:00:01.760,-0.9995775252813592,-1.9991531290168612,0.0884885231518189,0.0008506248918867155
2018-01-01 00:00:01.780,-0.999593139584179,-1.999158053186878,0.0884294136174043,0.000847333268975505
2018-01-01 00:00:01.800,-0.9996085913532956,-1.9991632971663782,0.0881283473717474,0.0008440079804730306
2018-01-01 00:00:01.820,-0.999623873494066,-1.9991688563440395,0.0875764986627457,0.0008406491463094586
2018-01-01 00:00:01.840,-0.9996389790353932,-1.9991747259428063,0.086768142455878,0.0008372568877783888
2018-01-01 00:00:01.860,-0.9996539011337165,-1.999180901023117,0.0857007603532649,0.0008338313275367685
2018-01-01 00:00:01.880,-0.9996686330769172,-1.9991873764862291,0.0843751055891334,0.0008303725896043047
2018-01-01 00:00:01.900,-0.9996831682881391,-1.9991941470776413,0.0827952261849822,0.0008268807993622327
2018-01-01 00:00:01.920,-0.9996975003295205,-1.999201207390606,0.0809684458841652,0.0008233560835534504
2018-01-01 00:00:01.940,-0.9997116229058368,-1.9992085518697362,0.078905303027124,0.0008197985702805057
2018-01-01 00:00:01.960,-0.9997255298680493,-1.9992161748146984,0.0766194480681518,0.0008162083890055455
2018-01-01 00:00:01.980,-0.9997392152167593,-1.9992240703839927,0.0741275009654482,0.0008125856705490576
2018-01-01 00:00:02.000,-0.9997526731055664,-1.9992322325988183,0.0714488701915065,0.0008089305470881986
2018-01-01 00:00:02.020,-0.9997658978443262,-1.999240655347017,0.0686055356039551,0.0008052431521569397
2018-01-01 00:00:02.040,-0.9997788839023085,-1.999249332387099,0.0656217978815235,0.0008015236206438053
2018-01-01 00:00:02.060,-0.999791625911251,-1.9992582573523436,0.0625239976598623,0.0007977720887906028
2018-01-01 00:00:02.080,-0.9998041186683102,-1.999267423754974,0.0593402078919928,0.000793988694191059
2018-01-01 00:00:02.100,-0.9998163571389035,-1.9992768249904007,0.056099903303183,0.0007901735757903496
2018-01-01 00:00:02.120,-0.9998283364594446,-1.9992864543415392,0.0528336111056318,0.0007863268738813267
2018-01-01 00:00:02.140,-0.9998400519399686,-1.9992963049831851,0.0495725473806657,0.0007824487301056849
2018-01-01 00:00:02.160,-0.9998514990666447,-1.99930636998646,0.0463482437221313,0.0007785392874494193
2018-01-01 00:00:02.180,-0.999862673504177,-1.999316642323311,0.0431921688618842,0.0007745986902428687
2018-01-01 00:00:02.200,-0.9998735710980897,-1.9993271148710714,0.0401353500651106,0.0007706270841582981
2018-01-01 00:00:02.220,-0.9998841878768974,-1.9993377804170733,0.0372079990887997,0.0007666246162074026
2018-01-01 00:00:02.240,-0.9998945200541568,-1.9993486316633124,0.0344391474409347,0.0007625914347397766
2018-01-01 00:00:02.260,-0.9999045640304018,-1.999359661231161,0.0318562955616031,0.0007585276894403263
2018-01-01 00:00:02.280,-0.9999143163949571,-1.9993708616661254,0.0294850803717162,0.000754433531327218
2018-01-01 00:00:02.300,-0.9999237739276325,-1.9993822254426468,0.0273489654026329,0.0007503091127494183
2018-01-01 00:00:02.320,-0.9999329336002949,-1.9993937449689405,0.0254689574336575,0.0007461545873837017
2018-01-01 00:00:02.340,-0.9999417925783177,-1.999405412591871,0.0238633532278114,0.0007419701102331639
2018-01-01 00:00:02.360,-0.9999503482219071,-1.9994172206018614,0.0225475195737553,0.0007377558376229272
2018-01-01 00:00:02.380,-0.9999585980873038,-1.9994291612378303,0.0215337094181697,0.0007335119271991988
2018-01-01 00:00:02.400,-0.99996653992786,-1.9994412266921582,0.0208309164137082,0.0007292385379246063
2018-01-01 00:00:02.420,-0.9999741716949908,-1.9994534091156748,0.0204447697187032,0.0007249358300764603
2018-01-01 00:00:02.440,-0.9999814915389998,-1.9994657006226693,0.0203774703723885,0.0007206039652428492
2018-01-01 00:00:02.460,-0.9999884978097779,-1.999478093295915,0.0206277700400682,0.0007162431063199535
2018-01-01 00:00:02.480,-0.9999951890573754,-1.9994905791917115,0.0211909923831978,0.0007118534175081186
2018-01-01 00:00:02.500,-1.0000015640324469,-1.9995031503449334,0.0220590967666435,0.0007074350643090391
2018-01-01 00:00:02.520,-1.0000076216865692,-1.9995157987740906,0.0232207834764224,0.0007029882135220518
2018-01-01 00:00:02.540,-1.000013361172431,-1.9995285164863903,0.0246616390928821,0.0006985130332401499
2018-01-01 00:00:02.560,-1.0000187818438955,-1.999541295482802,0.0263643201533395,0.0006940096928464819
2018-01-01 00:00:02.580,-1.0000238832559365,-1.9995541277631192,0.0283087727511929,0.0006894783630105857
2018-01-01 00:00:02.600,-1.0000286651644446,-1.9995670053310162,0.0304724852616999,0.000684919215684051
2018-01-01 00:00:02.620,-1.0000331275259091,-1.9995799201990967,0.0328307709638132,0.0006803324240969653
2018-01-01 00:00:02.640,-1.0000372704969709,-1.9995928643939314,0.0353570769480858,0.0006757181627526883
2018-01-01 00:00:02.660,-1.0000410944338505,-1.9996058299610788,0.0380233153675452,0.0006710766074250214
2018-01-01 00:00:02.680,-1.0000445998916478,-1.9996188089700901,0.0408002128058596,0.0006664079351523554
2018-01-01 00:00:02.700,-1.0000477876235192,-1.999631793519492,0.0436576733086896,0.0006617123242339454
2018-01-01 00:00:02.720,-1.0000506585797269,-1.999644775741745,0.0465651504527653,0.0006569899542250293
2018-01-01 00:00:02.740,-1.0000532139065654,-1.9996577478081745,0.0494920237151202,0.0006522410059319598
2018-01-01 00:00:02.760,-1.0000554549451646,-1.9996707019338718,0.0524079743535075,0.0006474656614071082
2018-01-01 00:00:02.780,-1.0000573832301691,-1.9996836303825605,0.0552833560189386,0.0006426641039441874
2018-01-01 00:00:02.800,-1.0000590004882974,-1.9996965254714265,0.0580895553924094,0.0006378365180734036
2018-01-01 00:00:02.820,-1.0000603086367783,-1.9997093795759089,0.0607993382692762,0.0006329830895555391
2018-01-01 00:00:02.840,-1.0000613097816682,-1.999722185134447,0.0633871767047308,0.0006281040053762392
2018-01-01 00:00:02.860,-1.0000620062160517,-1.9997349346531825,0.0658295530799387,0.0006231994537420383
2018-01-01 00:00:02.880,-1.0000624004181213,-1.999747620710611,0.0681052372475065,0.00061826962407314
2018-01-01 00:00:02.900,-1.0000624950491448,-1.9997602359621853,0.0701955332631625,0.0006133147069987843
2018-01-01 00:00:02.920,-1.0000622929513145,-1.9997727731448602,0.0720844926034121,0.000608334894350804
2018-01-01 00:00:02.940,-1.0000617971454853,-1.9997852250815824,0.0737590912014137,0.0006033303791574217
2018-01-01 00:00:02.960,-1.0000610108288004,-1.9997975846857188,0.0752093680998562,0.0005983013556379829
2018-01-01 00:00:02.980,-1.000059937372207,-1.9998098449654227,0.0764285240142155,0.0005932480191960451
2018-01-01 00:00:03.000,-1.000058580317863,-1.999821999027933,0.0774129786160752,0.0005881705664135648
2018-01-01 00:00:03.020,-1.0000569433764366,-1.999834040083805,0.0781623858775883,0.0005830691950437826
2018-01-01 00:00:03.040,-1.000055030424302,-1.9998459614510726,0.0786796073578023,0.0005779441040051577
2018-01-01 00:00:03.060,-1.0000528455006312,-1.9998577565593316,0.0789706438525594,0.0005727954933745559
2018-01-01 00:00:03.080,-1.0000503928043833,-1.999869418953751,0.0790445263650519,0.0005676235643801571
2018-01-01 00:00:03.100,-1.0000476766911977,-1.9998809422990038,0.0789131678770078,0.0005624285193952178
2018-01-01 00:00:03.120,-1.0000447016701854,-1.9998923203831165,0.0785911779041797,0.0005572105619297534
2018-01-01 00:00:03.140,-1.0000414724006303,-1.9999035471212339,0.0780956422978525,0.0005519698966247267
2018-01-01 00:00:03.160,-1.0000379936885935,-1.9999146165592994,0.077445871200343,0.0005467067292441712
2018-01-01 00:00:03.180,-1.0000342704834277,-1.9999255228776462,0.0766631184711972,0.0005414212666671685
2018-01-01 00:00:03.200,-1.0000303078742054,-1.999936260394497,0.075770276266771,0.0005361137168815543
2018-01-01 00:00:03.220,-1.0000261110860575,-1.9999468235693714,0.0747915487744033,0.0005307842889753132
2018-01-01 00:00:03.240,-1.0000216854764301,-1.9999572070063987,0.0737521093693686,0.0005254331931286756
2018-01-01 00:00:03.260,-1.0000170365312602,-1.999967405457533,0.0726777456748189,0.000520060640607091
2018-01-01 00:00:03.280,-1.0000121698610713,-1.9999774138256694,0.0715944971592548,0.0005146668437524971
2018-01-01 00:00:03.300,-1.0000070911969938,-1.9999872271676586,0.0705282900007419,0.0005092520159753663
2018-01-01 00:00:03.320,-1.000001806386711,-1.9999968406972202,0.069504573980891,0.0005038163717467202
2018-01-01 00:00:03.340,-0.9999963213903347,-2.0000062497877487,0.0685479661441173,0.0004983601265895205
2018-01-01 00:00:03.360,-0.9999906422762107,-2.0000154499750153,0.0676819058692501,0.0004928834970699758
2018-01-01 00:00:03.380,-0.9999847752166614,-2.0000244369597615,0.0669283258523067,0.00048738670078929923
2018-01-01 00:00:03.400,-0.9999787264836634,-2.0000332066101794,0.0663073432930912,0.0004818699563750833
2018-01-01 00:00:03.420,-0.9999725024444652,-2.0000417549642866,0.0658369753168716,0.00047633348347213023
2018-01-01 00:00:03.440,-0.9999661095571486,-2.0000500782321837,0.0655328823490898,0.00047077750273365155
2018-01-01 00:00:03.460,-0.9999595543661348,-2.000058172798198,0.0654081427998971,0.0004652022358123764
2018-01-01 00:00:03.480,-0.9999528434976398,-2.0000660352229156,0.0654730620109121,0.00045960790535154065
2018-01-01 00:00:03.500,-0.9999459836550803,-2.0000736622450903,0.0657350179741792,0.00045399473497505883
2018-01-01 00:00:03.520,-0.999938981614435,-2.000081050783442,0.0661983458585274,0.0004483629492789176
2018-01-01 00:00:03.540,-0.9999318442195628,-2.00008819793833,0.0668642628775108,0.0004427127738210948
2018-01-01 00:00:03.560,-0.999924578377482,-2.0000951009933097,0.06773083451227,0.00043704443511254635
2018-01-01 00:00:03.580,-0.9999171910536124,-2.000101757416566,0.0687929825686893,0.00043135816060709605
2018-01-01 00:00:03.600,-0.9999096892669843,-2.000108164862228,0.0700425350079964,0.0004256541786921286
2018-01-01 00:00:03.620,-0.9999020800854175,-2.0001143211715586,0.0714683169503908,0.00041993271867857496
2018-01-01 00:00:03.640,-0.9998943706206725,-2.000120224374022,0.0730562817193338,0.00041419401079100123
2018-01-01 00:00:03.660,-0.9998865680235786,-2.0001258726882245,0.0747896802766181,0.00040843828615730305
2018-01-01 00:00:03.680,-0.9998786794791401,-2.0001312645227367,0.0766492669019032,0.0004026657767996878
2018-01-01 00:00:03.700,-0.9998707122016253,-2.0001363984767844,0.0786135385014392,0.0003968767156230831
2018-01-01 00:00:03.720,-0.9998626734296412,-2.0001412733408173,0.080659004495228,0.0003910713364060916
2018-01-01 00:00:03.740,-0.9998545704211961,-2.000145888096953,0.0827604838354842,0.0003852498737902375
2018-01-01 00:00:03.760,-0.9998464104487544,-2.0001502419192922,0.0848914253570567,0.0003794125632692536
2018-01-01 00:00:03.780,-0.9998382007942872,-2.000154334174111,0.0870242473569832,0.00037355964118002295
2018-01-01 00:00:03.800,-0.9998299487443189,-2.0001581644199224,0.089130692049473,0.0003676913446901075
2018-01-01 00:00:03.820,-0.9998216615849779,-2.000161732407419,0.0911821903475896,0.00036180791178914637
2018-01-01 00:00:03.840,-0.9998133465970498,-2.0001650380792833,0.0931502322862293,0.0003559095812776422
2018-01-01 00:00:03.860,-0.9998050110510394,-2.000168081569874,0.0950067383244459,0.00034999659275617356
2018-01-01 00:00:03.880,-0.9997966622022434,-2.0001708632047874,0.0967244267497391,0.0003440691866152228
2018-01-01 00:00:03.900,-0.9997883072858371,-2.000173383500295,0.0982771724528045,0.00033812760402479234
2018-01-01 00:00:03.920,-0.9997799535119785,-2.000175643162651,0.0996403524478868,0.00033217208692327217
2018-01-01 00:00:03.940,-0.9997716080609327,-2.0001776430872837,0.1007911736798891,0.0003262028780078555
2018-01-01 00:00:03.960,-0.9997632780782204,-2.0001793843578546,0.1017089788826816,0.00032022022072384764
2018-01-01 00:00:03.980,-0.9997549706697924,-2.0001808682452005,0.1023755265307557,0.00031422435925437136
2018-01-01 00:00:04.000,-0.9997466928972341,-2.0001820962061494,0.1027752412549242,0.0003082155385096841
2018-01-01 00:00:04.020,-0.9997384517730032,-2.000183069882218,0.1028954314679903,0.00030219400411787557
2018-01-01 00:00:04.040,-0.9997302542557036,-2.000183791098187,0.1027264713633689,0.00029616000241507195
2018-01-01 00:00:04.060,-0.9997221072453971,-2.0001842618605545,0.1022619449032216,0.00029011378043531115
2018-01-01 00:00:04.080,-0.9997140175789584,-2.000184484355876,0.1014987498969438,0.0002840555859010461
2018-01-01 00:00:04.100,-0.9997059920254744,-2.0001844609489816,0.1004371607796078,0.00027798566721529193
2018-01-01 00:00:04.120,-0.9996980372816922,-2.00018419418108,0.0990808492267197,0.00027190427345166995
2018-01-01 00:00:04.140,-0.9996901599675166,-2.000183686767746,0.097436862279617,0.00026581165434693
2018-01-01 00:00:04.160,-0.9996823666215633,-2.0001829415967953,0.095515558198145,0.0002597080602936974
2018-01-01 00:00:04.180,-0.9996746636967668,-2.000181961726045,0.093330500796939,0.00025359374233266364
2018-01-01 00:00:04.200,-0.9996670575560495,-2.000180750380966,0.0908983135517998,0.00024746895214752205
2018-01-01 00:00:04.220,-0.9996595544680517,-2.0001793109522246,0.0882384952764716,0.00024133394205974755
2018-01-01 00:00:04.240,-0.9996521606029274,-2.000177646993116,0.0853731996610549,0.00023518896502486633
2018-01-01 00:00:04.260,-0.9996448820282079,-2.0001757622168914,0.0823269814249842,0.00022903427462942253
2018-01-01 00:00:04.280,-0.9996377247047348,-2.0001736604939837,0.0791265122640888,0.0002228701250907673
2018-01-01 00:00:04.300,-0.9996306944826673,-2.0001713458491284,0.0758002701572389,0.00021669677125975468
2018-01-01 00:00:04.320,-0.9996237970975638,-2.000168822458383,0.0723782059385263,0.00021051446862282522
2018-01-01 00:00:04.340,-0.9996170381665428,-2.000166094646051,0.0688913913314739,0.00020432347331057066
2018-01-01 00:00:04.360,-0.9996104231845231,-2.000163166881508,0.0653716528786723,0.00019812404210940894
2018-01-01 00:00:04.380,-0.9996039575205479,-2.000160043775931,0.0618511963804951,0.00019191643247658643
2018-01-01 00:00:04.400,-0.9995976464141935,-2.000156730078939,0.0583622265778045,0.0001857009025615479
2018-01-01 00:00:04.420,-0.9995914949720665,-2.0001532306751426,0.0549365668742994,0.000179477711237444
2018-01-01 00:00:04.440,-0.9995855081643896,-2.0001495505806037,0.0516052838935794,0.0001732471181384
2018-01-01 00:00:04.460,-0.999579690821681,-2.000145694939212,0.0483983216041252,0.00016700938371006928
2018-01-01 00:00:04.480,-0.9995740476315265,-2.000141669018976,0.0453441496230071,0.0001607647692755446
2018-01-01 00:00:04.500,-0.9995685831354487,-2.000137478208237,0.0424694301278033,0.00015451353712042635
2018-01-01 00:00:04.520,-0.9995633017258747,-2.000133128011802,0.0397987075682775,0.00014825595060404594
2018-01-01 00:00:04.540,-0.9995582076432031,-2.0001286240469986,0.0373541250778461,0.00014199227430051128
2018-01-01 00:00:04.560,-0.9995533049729739,-2.0001239720396637,0.035155171143542,0.00013572277418872467
2018-01-01 00:00:04.580,-0.9995485976431421,-2.0001191778200544,0.0332184597063866,0.0001294477178966986
2018-01-01 00:00:04.600,-0.9995440894214568,-2.0001142473186952,0.0315575464368087,0.00012316737502830987
2018-01-01 00:00:04.620,-0.9995397839129478,-2.000109186562159,0.0301827834674484,0.00011688201760010232
2018-01-01 00:00:04.640,-0.9995356845575215,-2.000104001668786,0.0291012143742998,0.00011059192063197972
2018-01-01 00:00:04.660,-0.9995317946276663,-2.0000986988443406,0.0283165106829691,0.00010429736295828122
2018-01-01 00:00:04.680,-0.9995281172262712,-2.000093284377615,0.027828950646446,9.79986283570552e-05
2018-01-01 00:00:04.700,-0.9995246552845573,-2.0000877646359774,0.027635440501008,9.169600715575912e-05
2018-01-01 00:00:04.720,-0.9995214115601232,-2.0000821460608686,0.0277295778646095,8.538979855236462e-05
2018-01-01 00:00:04.740,-0.9995183886351081,-2.00007643516325,0.0281017564043123,7.90803140581392e-05
2018-01-01 00:00:04.760,-0.9995155889144706,-2.000070638519008,0.0287393103728711,7.276788274563709e-05
2018-01-01 00:00:04.780,-0.9995130146243859,-2.0000647627643158,0.029626697106249,6.645285949724218e-05
2018-01-01 00:00:04.800,-0.9995106678107634,-2.0000588145909557,0.0307457150901193,6.0135638470195644e-05
2018-01-01 00:00:04.820,-0.9995085503378828,-2.000052800741604,0.0320757547505015,5.381667606071222e-05
2018-01-01 00:00:04.840,-0.9995066638871531,-2.0000467280050853,0.0335940787073872,4.74965322241811e-05
2018-01-01 00:00:04.860,-0.9995050099559922,-2.0000406032115956,0.0352761278558711,4.117594985848951e-05
2018-01-01 00:00:04.880,-0.9995035898568294,-2.000034433227899,0.0370958493116921,3.485602053587524e-05
2018-01-01 00:00:04.900,-0.9995024047162315,-2.0000282249524983,0.0390260419814263,2.8538570205323652e-05
2018-01-01 00:00:04.920,-0.999501455474153,-2.000021985310789,0.0410387152953683,2.2227201344131718e-05
2018-01-01 00:00:04.940,-0.9995007428833095,-2.0000157212501923,0.0431054564762612,1.5930803730779594e-05
2018-01-01 00:00:04.960,-0.9995002675086765,-2.000009439735276,0.045197801611563,9.680683567707243e-06
2018-01-01 00:00:04.980,-0.9995000297271137,-2.000003147742864,0.0472876057522386,3.721573078972751e-06
2018-01-01 00:00:05.000,-0.9995000297271137,-1.9999968522571359,0.0493474072776881,3.769197425010135e-06
2018-01-01 00:00:05.020,-0.9995002675086765,-1.9999905602647239,0.051350781844137,9.735782843196091e-06
2018-01-01 00:00:05.040,-0.9995007428833095,-1.9999842787498079,0.0532726813716385,1.598662701988565e-05
2018-01-01 00:00:05.060,-0.999501455474153,-1.9999780146892112,0.0550897537209623,2.2283180656125056e-05
2018-01-01 00:00:05.080,-0.9995024047162315,-1.9999717750475017,0.0567806389635617,2.859455904625521e-05
2018-01-01 00:00:05.100,-0.9995035898568294,-1.9999655667721008,0.0583262384522787,3.4911954794463895e-05
2018-01-01 00:00:05.120,-0.9995050099559922,-1.9999593967884042,0.0597099532535342,4.1231790275409876e-05
2018-01-01 00:00:05.140,-0.9995066638871531,-1.999953271994915,0.060917888898937,4.755224912541201e-05
2018-01-01 00:00:05.160,-0.9995085503378828,-1.9999471992583964,0.0619390238504054,5.387224412484796e-05
2018-01-01 00:00:05.180,-0.9995106678107634,-1.9999411854090445,0.0627653395424399,6.019103460188411e-05
2018-01-01 00:00:05.200,-0.9995130146243859,-1.9999352372356842,0.0633919103620719,6.65080618554211e-05
2018-01-01 00:00:05.220,-0.9995155889144706,-1.999929361480992,0.0638169524448549,7.282287025664014e-05
2018-01-01 00:00:05.240,-0.9995183886351081,-1.9999235648367502,0.0640418306974184,7.91350661563676e-05
2018-01-01 00:00:05.260,-0.9995214115601232,-1.9999178539391314,0.0640710239967249,8.544429503389218e-05
2018-01-01 00:00:05.280,-0.9995246552845573,-1.9999122353640224,0.0639120490563269,9.175022809331776e-05
2018-01-01 00:00:05.300,-0.9995281172262712,-1.999906715622385,0.0635753439836792,9.805255404834524e-05
2018-01-01 00:00:05.320,-0.9995317946276663,-1.9999013011556594,0.0630741130730625,0.00010435097389667294
2018-01-01 00:00:05.340,-0.9995356845575215,-1.999895998331214,0.0624241348792265,0.000110645197487695
2018-01-01 00:00:05.360,-0.9995397839129478,-1.9998908134378406,0.061643536091052,0.00011693494120944905
2018-01-01 00:00:05.380,-0.9995440894214568,-1.9998857526813048,0.0607525341662421,0.00012321992638883347
2018-01-01 00:00:05.400,-0.9995485976431421,-1.9998808221799456,0.059773152091642,0.0001294998781656937
2018-01-01 00:00:05.420,-0.9995533049729739,-1.9998760279603363,0.0587289089940404,0.00013577452468300298
2018-01-01 00:00:05.440,-0.9995582076432031,-1.9998713759530014,0.0576444906386172,0.00014204359649857396
2018-01-01 00:00:05.460,-0.9995633017258747,-1.9998668719881982,0.0565454041125432,0.00014830682614894945
2018-01-01 00:00:05.480,-0.9995685831354487,-1.999862521791763,0.0554576211962715,0.00015456394782442174
2018-01-01 00:00:05.500,-0.9995740476315265,-1.9998583309810243,0.0544072150721536,0.00016081469712307935
2018-01-01 00:00:05.520,-0.999579690821681,-1.9998543050607884,0.053419995107258,0.000167058810863959
2018-01-01 00:00:05.540,-0.9995855081643896,-1.9998504494193963,0.052521144473565,0.00017329602694429342
2018-01-01 00:00:05.560,-0.9995914949720665,-1.9998467693248574,0.0517348653336958,0.00017952608422870103
2018-01-01 00:00:05.580,-0.9995976464141935,-1.9998432699210609,0.051084036224465,0.00018574872246520882
2018-01-01 00:00:05.600,-0.9996039575205479,-1.9998399562240692,0.0505898861150522,0.00019196368221846924
2018-01-01 00:00:05.620,-0.9996104231845231,-1.999836833118492,0.0502716894034412,0.00019817070482055948
2018-01-01 00:00:05.640,-0.9996170381665428,-1.9998339053539487,0.050146485846743,0.00020436953233115117
2018-01-01 00:00:05.660,-0.9996237970975638,-1.9998311775416169,0.0502288291015064,0.00021055990750878234
2018-01-01 00:00:05.680,-0.9996306944826673,-1.9998286541508716,0.0505305671832334,0.000216741573788523
2018-01-01 00:00:05.700,-0.9996377247047348,-1.999826339506016,0.0510606577447823,0.00022291427526641247
2018-01-01 00:00:05.720,-0.9996448820282079,-1.9998242377831086,0.0518250206263787,0.00022907775668759903
2018-01-01 00:00:05.740,-0.9996521606029274,-1.9998223530068842,0.0528264296513287,0.00023523176343927612
2018-01-01 00:00:05.760,-0.9996595544680517,-1.9998206890477752,0.0540644451373636,0.00024137604154697752
2018-01-01 00:00:05.780,-0.9996670575560495,-1.999819249619034,0.0555353880703168,0.00024751033767185857
2018-01-01 00:00:05.800,-0.9996746636967668,-1.9998180382739552,0.0572323563512556,0.0002536343991121562
2018-01-01 00:00:05.820,-0.9996823666215633,-1.999817058403205,0.0591452829871322,0.00025974797380513967
2018-01-01 00:00:05.840,-0.9996901599675166,-1.999816313232254,0.0612610355554375,0.00026585081033077664
2018-01-01 00:00:05.860,-0.9996980372816922,-1.99981580581892,0.0635635557421394,0.0002719426579167367
2018-01-01 00:00:05.880,-0.9997059920254744,-1.9998155390510184,0.0660340372362112,0.00027802326644413826
2018-01-01 00:00:05.900,-0.9997140175789584,-1.999815515644124,0.0686511397699125,0.0002840923864547916
2018-01-01 00:00:05.920,-0.9997221072453971,-1.9998157381394455,0.0713912366280149,0.0002901497691577964
2018-01-01 00:00:05.940,-0.9997302542557036,-1.9998162089018132,0.0742286925173754,0.0002961951664383686
2018-01-01 00:00:05.960,-0.9997384517730032,-1.9998169301177817,0.0771361682961619,0.00030222833086639286
2018-01-01 00:00:05.980,-0.9997466928972341,-1.9998179037938506,0.0800849487147016,0.0003082490157042259
2018-01-01 00:00:06.000,-0.9997549706697924,-1.9998191317547995,0.0830452890217854,0.00031425697491729415
2018-01-01 00:00:06.020,-0.9997632780782204,-1.9998206156421452,0.0859867760451705,0.0003202519631828951
2018-01-01 00:00:06.040,-0.9997716080609327,-1.9998223569127163,0.0888786991661318,0.0003262337358999404
2018-01-01 00:00:06.060,-0.9997799535119785,-1.999824356837349,0.0916904264776312,0.0003322020491991438
2018-01-01 00:00:06.080,-0.9997883072858371,-1.9998266164997054,0.094391781345715,0.0003381566599528256
2018-01-01 00:00:06.100,-0.9997966622022434,-1.9998291367952126,0.0969534145849871,0.00034409732578511543
2018-01-01 00:00:06.120,-0.9998050110510394,-1.999831918430126,0.0993471675115869,0.00035002380508244345
2018-01-01 00:00:06.140,-0.9998133465970498,-1.9998349619207165,0.1015464212503383,0.00035593585700366664
2018-01-01 00:00:06.160,-0.9998216615849779,-1.9998382675925808,0.1035264278452088,0.0003618332414902204
2018-01-01 00:00:06.180,-0.9998299487443189,-1.9998418355800778,0.1052646189517052,0.00036771571927693826
2018-01-01 00:00:06.200,-0.9998382007942872,-1.9998456658258894,0.1067408881734091,0.0003735830519024563
2018-01-01 00:00:06.220,-0.9998464104487544,-1.9998497580807075,0.1079378434388908,0.000379435001718997
2018-01-01 00:00:06.240,-0.9998545704211961,-1.9998541119030468,0.1088410261954652,0.0003852713319034547
2018-01-01 00:00:06.260,-0.9998626734296412,-1.9998587266591825,0.109439094617789,0.00039109180646717726
2018-01-01 00:00:06.280,-0.9998707122016253,-1.9998636015232156,0.1097239684867595,0.0003968961902666726
2018-01-01 00:00:06.300,-0.9998786794791401,-1.999868735477263,0.1096909338816985,0.00040268424901395024
2018-01-01 00:00:06.320,-0.9998865680235786,-1.9998741273117753,0.1093387063401442,0.00040845574928592747
2018-01-01 00:00:06.340,-0.9998943706206725,-1.999879775625978,0.1086694516681865,0.0004142104585358406
2018-01-01 00:00:06.360,-0.9999020800854175,-1.9998856788284411,0.1076887641233896,0.000419948145102106
2018-01-01 00:00:06.380,-0.9999096892669843,-1.9998918351377721,0.1064056022350505,0.00042566857821916035
2018-01-01 00:00:06.400,-0.9999171910536124,-1.9998982425834344,0.1048321830658879,0.00043137152802717293
2018-01-01 00:00:06.420,-0.999924578377482,-1.9999048990066906,0.1029838362483334,0.00043705676558176444
2018-01-01 00:00:06.440,-0.9999318442195628,-1.99991180206167,0.1008788196406334,0.0004427240628638092
2018-01-01 00:00:06.460,-0.999938981614435,-1.9999189492165579,0.0985380989364063,0.0004483731927893006
2018-01-01 00:00:06.480,-0.9999459836550803,-1.9999263377549097,0.0959850940198672,0.0004540039292187491
2018-01-01 00:00:06.500,-0.9999528434976398,-1.9999339647770846,0.0932453952817834,0.00045961604696694133
2018-01-01 00:00:06.520,-0.9999595543661348,-1.999941827201802,0.0903464534929216,0.000465209321812029
2018-01-01 00:00:06.540,-0.9999661095571486,-1.9999499217678165,0.0873172471674038,0.0004707835305051362
2018-01-01 00:00:06.560,-0.9999725024444652,-1.9999582450357134,0.084187931633734,0.00047633845077927044
2018-01-01 00:00:06.580,-0.9999787264836634,-1.9999667933898206,0.0809894742625995,0.00048187386135862273
2018-01-01 00:00:06.600,-0.9999847752166614,-1.9999755630402387,0.0777532804749654,0.0004873895419677023
2018-01-01 00:00:06.620,-0.9999906422762107,-1.9999845500249847,0.0745108152692199,0.0004928852733400328
2018-01-01 00:00:06.640,-0.9999963213903347,-1.9999937502122513,0.0712932250607165,0.0004983608372267311
2018-01-01 00:00:06.660,-1.000001806386711,-2.00000315930278,0.0681309646203341,0.0005038160164056551
2018-01-01 00:00:06.680,-1.0000070911969938,-2.000012772832341,0.0650534338306832,0.0005092505946898331
2018-01-01 00:00:06.700,-1.0000121698610713,-2.000022586174331,0.0620886288502519,0.0005146643569356214
2018-01-01 00:00:06.720,-1.0000170365312602,-2.000032594542467,0.0592628120887261,0.0005200570890511448
2018-01-01 00:00:06.740,-1.0000216854764301,-2.0000427929936015,0.0566002051533695,0.0005254285780050119
2018-01-01 00:00:06.760,-1.0000261110860575,-2.0000531764306286,0.0541227086297985,0.0005307786118338124
2018-01-01 00:00:06.780,-1.0000303078742054,-2.000063739605503,0.0518496522145935,0.0005361069796503099
2018-01-01 00:00:06.800,-1.0000342704834277,-2.0000744771223538,0.0497975783263528,0.0005414134716517793
2018-01-01 00:00:06.820,-1.0000379936885935,-2.000085383440701,0.0479800618910444,0.0005466978791270383
2018-01-01 00:00:06.840,-1.0000414724006303,-2.000096452878766,0.0464075685323988,0.0005519599944640256
2018-01-01 00:00:06.860,-1.0000447016701854,-2.0001076796168835,0.0450873529045407,0.0005571996111586195
2018-01-01 00:00:06.880,-1.0000476766911977,-2.000119057700996,0.0440233983884506,0.0005624165238204513
2018-01-01 00:00:06.900,-1.0000503928043833,-2.000130581046249,0.0432163988427695,0.0005676105281809188
2018-01-01 00:00:06.920,-1.0000528455006312,-2.0001422434406684,0.0426637825597378,0.0005727814211011501
2018-01-01 00:00:06.940,-1.000055030424302,-2.0001540385489274,0.042359778035616,0.0005779290005771731
2018-01-01 00:00:06.960,-1.0000569433764366,-2.000165959916195,0.0422955206287089,0.0005830530657486119
2018-01-01 00:00:06.980,-1.000058580317863,-2.0001780009720673,0.0424591986539976,0.0005881534169046058
2018-01-01 00:00:07.000,-1.000059937372207,-2.0001901550345775,0.0428362369580831,0.0005932298554905579
2018-01-01 00:00:07.020,-1.0000610108288004,-2.000202415314281,0.0434095155381544,0.000598282184115057
2018-01-01 00:00:07.040,-1.0000617971454853,-2.0002147749184176,0.0441596203201627,0.000603310206556231
2018-01-01 00:00:07.060,-1.0000622929513145,-2.0002272268551398,0.0450651228000609,0.0006083137277676058
2018-01-01 00:00:07.080,-1.0000624950491448,-2.000239764037815,0.0461028848831336,0.0006132925538849173
2018-01-01 00:00:07.100,-1.0000624004181213,-2.000252379289389,0.0472483849348202,0.0006182464922320148
2018-01-01 00:00:07.120,-1.0000620062160517,-2.0002650653468175,0.0484760607861478,0.0006231753513269455
2018-01-01 00:00:07.140,-1.0000613097816682,-2.000277814865553,0.0497596652213985,0.0006280789408871639
2018-01-01 00:00:07.160,-1.0000603086367783,-2.000290620424091,0.0510726293177075,0.0006329570718361838
2018-01-01 00:00:07.180,-1.0000590004882974,-2.0003034745285735,0.0523884289079305,0.0006378095563085107
2018-01-01 00:00:07.200,-1.0000573832301691,-2.0003163696174395,0.0536809494005982,0.0006426362076557201
2018-01-01 00:00:07.220,-1.0000554549451646,-2.000329298066128,0.0549248442145647,0.0006474368404512173
2018-01-01 00:00:07.240,-1.0000532139065654,-2.0003422521918255,0.0560958821707363,0.0006522112704958857
2018-01-01 00:00:07.260,-1.0000506585797269,-2.000355224258255,0.0571712793279545,0.0006569593148228566
2018-01-01 00:00:07.280,-1.0000477876235192,-2.000368206480508,0.0581300109528263,0.000661680791703495
2018-01-01 00:00:07.300,-1.0000445998916478,-2.00038119102991,0.0589530995714465,0.0006663755206509029
2018-01-01 00:00:07.320,-1.0000410944338505,-2.000394170038921,0.0596238753612181,0.0006710433224256151
2018-01-01 00:00:07.340,-1.0000372704969709,-2.0004071356060686,0.06012820549935,0.0006756840190403885
2018-01-01 00:00:07.360,-1.0000331275259091,-2.0004200798009033,0.0604546894865125,0.0006802974337643175
2018-01-01 00:00:07.380,-1.0000286651644446,-2.000432994668984,0.0605948179043638,0.0006848833911271014
2018-01-01 00:00:07.400,-1.0000238832559365,-2.000445872236881,0.0605430925385988,0.0006894417169241017
2018-01-01 00:00:07.420,-1.0000187818438955,-2.000458704517198,0.0602971062987153,0.0006939722382197507
2018-01-01 00:00:07.440,-1.000013361172431,-2.0004714835136097,0.0598575818854367,0.0006984747833527022
2018-01-01 00:00:07.460,-1.0000076216865692,-2.0004842012259094,0.0592283686899908,0.0007029491819385474
2018-01-01 00:00:07.480,-1.0000015640324469,-2.0004968496550664,0.0584163979493731,0.0007073952648744706
2018-01-01 00:00:07.500,-0.9999951890573754,-2.0005094208082883,0.057431596721381,0.0007118128643433916
2018-01-01 00:00:07.520,-0.9999884978097779,-2.0005219067040847,0.0562867617756604,0.0007162018138164389
2018-01-01 00:00:07.540,-0.9999814915389998,-2.000534299377331,0.0549973950154157,0.0007205619480577822
2018-01-01 00:00:07.560,-0.9999741716949908,-2.0005465908843254,0.0535815025421417,0.0007248931031267789
2018-01-01 00:00:07.580,-0.99996653992786,-2.000558773307842,0.0520593599463354,0.0007291951163826542
2018-01-01 00:00:07.600,-0.9999585980873038,-2.0005708387621697,0.0504532468446024,0.000733467826486861
2018-01-01 00:00:07.620,-0.9999503482219071,-2.0005827793981386,0.0487871540822555,0.0007377110734066896
2018-01-01 00:00:07.640,-0.9999417925783177,-2.000594587408129,0.0470864673752898,0.0007419246984178746
2018-01-01 00:00:07.660,-0.9999329336002949,-2.0006062550310597,0.0453776314719419,0.0007461085441080008
2018-01-01 00:00:07.680,-0.9999237739276325,-2.000617774557353,0.0436877991679785,0.0007502624543780464
2018-01-01 00:00:07.700,-0.9999143163949571,-2.0006291383338746,0.0420444697081136,0.0007543862744477405
2018-01-01 00:00:07.720,-0.9999045640304018,-2.000640338768839,0.0404751212459998,0.0007584798508552545
2018-01-01 00:00:07.740,-0.9998945200541568,-2.0006513683366873,0.0390068421152613,0.0007625430314613282
2018-01-01 00:00:07.760,-0.9998841878768974,-2.0006622195829267,0.0376659656829793,0.0007665756654520393
2018-01-01 00:00:07.780,-0.9998735710980897,-2.0006728851289286,0.0364777135146906,0.0007705776033394747
2018-01-01 00:00:07.800,-0.999862673504177,-2.000683357676689,0.0354658514768133,0.0007745486969658016
2018-01-01 00:00:07.820,-0.9998514990666447,-2.00069363001354,0.0346523632398087,0.0007784887995038584
2018-01-01 00:00:07.840,-0.9998400519399686,-2.000703695016815,0.0340571454253893,0.0007823977654607644
2018-01-01 00:00:07.860,-0.9998283364594446,-2.000713545658461,0.0336977283665163,0.0007862754506783913
2018-01-01 00:00:07.880,-0.9998163571389035,-2.000723175009599,0.0335890261232953,0.0007901217123364938
2018-01-01 00:00:07.900,-0.9998041186683102,-2.000732576245026,0.0337431190253588,0.0007939364089534251
2018-01-01 00:00:07.920,-0.999791625911251,-2.0007417426476564,0.0341690715966843,0.0007977194003885874
2018-01-01 00:00:07.940,-0.9997788839023085,-2.000750667612901,0.0348727882673519,0.0008014705478432412
2018-01-01 00:00:07.960,-0.9997658978443262,-2.000759344652983,0.0358569087942762,0.0008051897138632078
2018-01-01 00:00:07.980,-0.9997526731055664,-2.000767767401182,0.0371207448056476,0.000808876762339701
2018-01-01 00:00:08.000,-0.9997392152167593,-2.0007759296160073,0.0386602583581764,0.0008125315585095881
2018-01-01 00:00:08.020,-0.9997255298680493,-2.0007838251853016,0.0404680828590009,0.0008161539689587199
2018-01-01 00:00:08.040,-0.9997116229058368,-2.000791448130264,0.0425335861621776,0.0008197438616222543
2018-01-01 00:00:08.060,-0.9996975003295205,-2.000798792609394,0.0448429751099693,0.0008233011057846659
2018-01-01 00:00:08.080,-0.9996831682881391,-2.0008058529223587,0.0473794402586002,0.0008268255720822333
2018-01-01 00:00:08.100,-0.9996686330769172,-2.0008126235137706,0.0501233390135738,0.0008303171325040537
2018-01-01 00:00:08.120,-0.9996539011337165,-2.000819098976883,0.0530524149076275,0.0008337756603920633
2018-01-01 00:00:08.140,-0.9996389790353932,-2.0008252740571937,0.0561420502912531,0.0008372010304417065
2018-01-01 00:00:08.160,-0.999623873494066,-2.0008311436559603,0.0593655492773821,0.0008405931187035113
2018-01-01 00:00:08.180,-0.9996085913532956,-2.000836702833622,0.0626944473938094,0.0008439518025845225
2018-01-01 00:00:08.200,-0.999593139584179,-2.000841946813122,0.0660988440541821,0.0008472769608457882
2018-01-01 00:00:08.220,-0.9995775252813592,-2.0008468709831386,0.0695477536653301,0.0008505684736065987
2018-01-01 00:00:08.240,-0.9995617556589558,-2.000851470901212,0.0730094709490836,0.000853826222343255
2018-01-01 00:00:08.260,-0.9995458380464153,-2.0008557422967703,0.0764519458736363,0.0008570500898886186
2018-01-01 00:00:08.280,-0.9995297798842873,-2.0008596810740524,0.0798431634652702,0.0008602399604339844
2018-01-01 00:00:08.300,-0.9995135887199262,-2.000863283314927,0.0831515237074868,0.0008633957195294295
2018-01-01 00:00:08.320,-0.9994972722031235,-2.0008665452815997,0.0863462167321201,0.0008665172540826693
2018-01-01 00:00:08.340,-0.9994808380816712,-2.0008694634192157,0.0893975885658274,0.0008696044523599388
2018-01-01 00:00:08.360,-0.9994642941968609,-2.0008720343583493,0.092277492814767,0.0008726572039866027
2018-01-01 00:00:08.380,-0.9994476484789202,-2.000874254917382,0.0949596238487254,0.0008756753999473323
2018-01-01 00:00:08.400,-0.9994309089423898,-2.000876122104764,0.0974198272811548,0.0008786589325842995
2018-01-01 00:00:08.420,-0.9994140836814442,-2.0008776331211653,0.0996363838305369,0.0008816076955997088
2018-01-01 00:00:08.440,-0.9993971808651582,-2.0008787853615053,0.101590262987493,0.000884521584054361
2018-01-01 00:00:08.460,-0.9993802087327225,-2.0008795764168648,0.10326534329675,0.0008874004943662439
2018-01-01 00:00:08.480,-0.999363175588613,-2.000880004076283,0.1046485964885537,0.0008902443243138101
2018-01-01 00:00:08.500,-0.9993460897977136,-2.0008800663284276,0.1057302331549159,0.0008930529730329083
2018-01-01 00:00:08.520,-0.9993289597803975,-2.000879761363147,0.1065038081562943,0.0008958263410164317
2018-01-01 00:00:08.540,-0.9993117940075712,-2.0008790875729,0.1069662844576654,0.0008985643301160762
2018-01-01 00:00:08.560,-0.9992946009956812,-2.000878043554059,0.1071180546228572,0.0009012668435405158
2018-01-01 00:00:08.580,-0.9992773893016891,-2.000876628108093,0.1069629197357012,0.0009039337858554767
2018-01-01 00:00:08.600,-0.999260167518017,-2.000874840242619,0.1065080260591034,0.000906565062982901
2018-01-01 00:00:08.620,-0.999242944267467,-2.0008726791723337,0.105763760281581,0.0009091605822002932
2018-01-01 00:00:08.640,-0.999225728198117,-2.000870144319816,0.1047436047282735,0.0009117202521424084
2018-01-01 00:00:08.660,-0.9992085279781977,-2.0008672353162,0.1034639544231366,0.0009142439827973421
2018-01-01 00:00:08.680,-0.9991913522909518,-2.0008639520017235,0.101943898374463,0.0009167316855089142
2018-01-01 00:00:08.700,-0.9991742098294798,-2.000860294426147,0.1002049679108055,0.0009191832729736723
2018-01-01 00:00:08.720,-0.9991571092915769,-2.000856262849044,0.0982708553129885,0.0009215986592423383
2018-01-01 00:00:08.740,-0.9991400593745604,-2.000851857739964,0.0961671063648283,0.0009239777597179889
2018-01-01 00:00:08.760,-0.9991230687700959,-2.000847079778464,0.0939207907756063,0.0009263204911560966
2018-01-01 00:00:08.780,-0.9991061461590212,-2.0008419298540145,0.0915601547070287,0.0009286267716629636
2018-01-01 00:00:08.800,-0.9990893002061728,-2.0008364090657733,0.0891142598627867,0.0009308965206958935
2018-01-01 00:00:08.820,-0.9990725395552195,-2.000830518722233,0.0866126137670153,0.0009331296590620944
2018-01-01 00:00:08.840,-0.9990558728235037,-2.0008242603407376,0.084084795966796,0.0009353261089176887
2018-01-01 00:00:08.860,-0.999039308596896,-2.000817635646874,0.0815600849419712,0.0009374857937674789
2018-01-01 00:00:08.880,-0.9990228554246646,-2.0008106465737314,0.0790670904923221,0.0009396086384641833
2018-01-01 00:00:08.900,-0.9990065218143637,-2.0008032952610355,0.0766333962978045,0.0009416945692064327
2018-01-01 00:00:08.920,-0.998990316226744,-2.0007955840541554,0.0742852172129855,0.0009437435135394385
2018-01-01 00:00:08.940,-0.9989742470706879,-2.000787515502984,0.0720470756638153,0.0009457554003543029
2018-01-01 00:00:08.960,-0.9989583226981733,-2.000779092360691,0.069941501265909,0.0009477301598856869
2018-01-01 00:00:08.980,-0.9989425513992684,-2.0007703175823517,0.0679887574817823,0.0009496677237117642
2018-01-01 00:00:09.000,-0.9989269413971612,-2.0007611943234522,0.0662065987838698,0.0009515680247542025
2018-01-01 00:00:09.020,-0.998911500843227,-2.0007517259382697,0.0646100613951773,0.0009534309972758411
2018-01-01 00:00:09.040,-0.998896237812136,-2.000741915978131,0.0632112902451374,0.0009552565768807231
2018-01-01 00:00:09.060,-0.9988811602970048,-2.0007317681895493,0.0620194043102343,0.0009570447005136375
2018-01-01 00:00:09.080,-0.9988662762045952,-2.000721286512241,0.0610404020132679,0.0009587953064578231
2018-01-01 00:00:09.100,-0.9988515933505623,-2.000710475077023,0.0602771078380803,0.0009605083343359181
2018-01-01 00:00:09.120,-0.9988371194547553,-2.0006993382035896,0.0597291607848363,0.0009621837251068562
2018-01-01 00:00:09.140,-0.9988228621365742,-2.0006878803981802,0.0593930447513406,0.0009638214210678695
2018-01-01 00:00:09.160,-0.9988088289103858,-2.000676106351122,0.0592621603853352,0.0009654213658506468
2018-01-01 00:00:09.180,-0.9987950271809996,-2.000664020934267,0.05932693741818,0.000966983504422922
2018-01-01 00:00:09.200,-0.9987814642392094,-2.000651629198314,0.0595749859686496,0.0009685077830865344
2018-01-01 00:00:09.220,-0.9987681472574018,-2.0006389363700157,0.0599912848034705,0.00096999414947572
2018-01-01 00:00:09.240,-0.9987550832852338,-2.0006259478492883,0.0605584040651321,0.0009714425525585679
2018-01-01 00:00:09.260,-0.9987422792453835,-2.000612669206201,0.0612567595335328,0.0009728529426337677
2018-01-01 00:00:09.280,-0.9987297419293762,-2.00059910617787,0.0620648950818813,0.0009742252713315434
2018-01-01 00:00:09.300,-0.9987174779934883,-2.000585264665244,0.0629597896241663,0.0009755594916118326
2018-01-01 00:00:09.320,-0.9987054939547308,-2.000571150729792,0.0639171845361045,0.0009768555577641589
2018-01-01 00:00:09.340,-0.9986937961869168,-2.0005567705900877,0.0649119272678258,0.0009781134254061318
2018-01-01 00:00:09.360,-0.9986823909168134,-2.000542130618301,0.0659183266580328,0.0009793330514834687
2018-01-01 00:00:09.380,-0.9986712842203826,-2.000527237336591,0.0669105153086671,0.000980514394268651
2018-01-01 00:00:09.400,-0.998660482019111,-2.0005120974134107,0.0678628142881589,0.0009816574133606833
2018-01-01 00:00:09.420,-0.9986499900764323,-2.0004967176597135,0.0687500954012854,0.0009827620696835002
2018-01-01 00:00:09.440,-0.9986398139942455,-2.000481105025081,0.0695481362949291,0.0009838283254863754
2018-01-01 00:00:09.460,-0.9986299592095288,-2.0004652665937575,0.070233963761173,0.0009848561443423305
2018-01-01 00:00:09.480,-0.9986204309910525,-2.000449209580607,0.0707861807510526,0.0009858454911484617
2018-01-01 00:00:09.500,-0.9986112344361936,-2.0004329413269817,0.0711852728219195,0.0009867963321238502
2018-01-01 00:00:09.520,-0.9986023744678529,-2.0004164692965216,0.0714138900060862,0.0009877086348103418
2018-01-01 00:00:09.540,-0.9985938558314778,-2.0003998010708712,0.0714571004048224,0.0009885823680710934
2018-01-01 00:00:09.560,-0.9985856830921904,-2.000382944345327,0.0713026121757793,0.0009894175020905567
2018-01-01 00:00:09.580,-0.9985778606320264,-2.000365906924411,0.0709409609888724,0.0009902140083731371
2018-01-01 00:00:09.600,-0.9985703926472818,-2.0003486967173822,0.0703656604703311,0.0009909718597437458
2018-01-01 00:00:09.620,-0.9985632831459744,-2.0003313217336767,0.0695733136313011,0.0009916910303458925
2018-01-01 00:00:09.640,-0.9985565359454164,-2.0003137900782915,0.0685636837799637,0.0009923714956429127
2018-01-01 00:00:09.660,-0.9985501546699038,-2.0002961099471044,0.0673397239381457,0.000993013232415639
2018-01-01 00:00:09.680,-0.9985441427485217,-2.0002782896221416,0.0659075643181388,0.000993616218763448
2018-01-01 00:00:09.700,-0.9985385034130672,-2.00026033746679,0.0642764579560678,0.0009941804341034477
2018-01-01 00:00:09.720,-0.9985332396960926,-2.000242261920957,0.0624586851376842,0.0009947058591694442
2018-01-01 00:00:09.740,-0.9985283544290686,-2.0002240714961883,0.0604694177840078,0.0009951924760123654
2018-01-01 00:00:09.760,-0.9985238502406681,-2.000205774770736,0.0583265454809533,0.0009956402679996558
2018-01-01 00:00:09.780,-0.9985197295551748,-2.0001873803845878,0.0560504653323249,0.0009960492198147909
2018-01-01 00:00:09.800,-0.998515994591013,-2.000168897034459,0.0536638382829914,0.000996419317457495
2018-01-01 00:00:09.820,-0.9985126473594049,-2.0001503334687465,0.0511913149926474,0.000996750548242803
2018-01-01 00:00:09.840,-0.9985096896631505,-2.0001316984824524,0.0486592347347555,0.000997042900801525
2018-01-01 00:00:09.860,-0.9985071230955356,-2.00011300091208,0.0460953011449942,0.0009972963650796511
2018-01-01 00:00:09.880,-0.9985049490393665,-2.0000942496305005,0.0435282389442983,0.0009975109323380896
2018-01-01 00:00:09.900,-0.9985031686661311,-2.0000754535418026,0.0409874360095016,0.0009976865951532759
2018-01-01 00:00:09.920,-0.9985017829352898,-2.0000566215761153,0.038502575356514,0.000997823347415859
2018-01-01 00:00:09.940,-0.9985007925936928,-2.0000377626844226,0.036103261734367,0.0009979211843320404
2018-01-01 00:00:09.960,-0.9985001981751288,-2.0000188858333594,0.0338186476016704,0.0009979801024221936
2018-01-01 00:00:09.980,-0.9985,-2.0,0.0316770632690571,0.0009980000995218465
