	x	y	noise
2018-01-01 00:00:00.000	1.5	0.0	0.03167706326905716
2018-01-01 00:00:00.020	1.4998018248711749	0.018885833359297576	0.029705655941897464
2018-01-01 00:00:00.040	1.4992074063071033	0.03776268442258363	0.027930042287561713
2018-01-01 00:00:00.060	1.4982170647102389	0.05662157611529317	0.0263739789822073
2018-01-01 00:00:00.080	1.4968313338688701	0.07545354180251833	0.02505905546560546
2018-01-01 00:00:00.100	1.4950509606335547	0.09424963050074908	0.024004412851821644
2018-01-01 00:00:00.120	1.4928769044644161	0.11300091207991438	0.02322649261219607
2018-01-01 00:00:00.140	1.4903103368495816	0.13169848245249977	0.022738818269284384
2018-01-01 00:00:00.160	1.487352640595128	0.15033346874652623	0.02255181292104725
2018-01-01 00:00:00.180	1.4840054089869783	0.16889703445918447	0.022672654958991754
2018-01-01 00:00:00.200	1.4802704448252766	0.1873803845879321	0.023105173858000153
2018-01-01 00:00:00.220	1.4761497593318464	0.20577477073587358	0.023849787405458393
2018-01-01 00:00:00.240	1.4716455709314153	0.22407149618826203	0.02490348120955039
2018-01-01 00:00:00.260	1.4667603039073713	0.24226192095697585	0.026259830787975943
2018-01-01 00:00:00.280	1.4614965869328935	0.2603374667898485	0.027909065995780063
2018-01-01 00:00:00.300	1.4558572514783772	0.2782896221417466	0.029838177011400232
2018-01-01 00:00:00.320	1.449845330096153	0.29610994710432065	0.03203106057035898
2018-01-01 00:00:00.340	1.4434640545835695	0.3137900782913743	0.03446870462303839
2018-01-01 00:00:00.360	1.4367168540256017	0.3313217336768296	0.03712940910324295
2018-01-01 00:00:00.380	1.429607352718199	0.34869671738229313	0.03998904003406312
2018-01-01 00:00:00.400	1.4221393679736818	0.3659069244112609	0.043021313772787166
2018-01-01 00:00:00.420	1.4143169078095645	0.3829443453270332	0.04619810781271963
2018-01-01 00:00:00.440	1.4061441685222433	0.39980107087144684	0.0494897942216637
2018-01-01 00:00:00.460	1.3976255321470783	0.41646929652156717	0.05286559150884661
2018-01-01 00:00:00.480	1.388765563806457	0.432941326981524	0.05629393047789888
2018-01-01 00:00:00.500	1.379569008947505	0.4492095806067165	0.05974282944613665
2018-01-01 00:00:00.520	1.3700407904711636	0.46526659375765134	0.0631802740921146
2018-01-01 00:00:00.540	1.3601860057544506	0.4811050250807268	0.0665745971357247
2018-01-01 00:00:00.560	1.3500099235677536	0.4967176597133194	0.06989485305875075
2018-01-01 00:00:00.580	1.3395179808890947	0.5120974134105775	0.0731111831387007
2018-01-01 00:00:00.600	1.3287157796173634	0.5272373365913773	0.07619516619408839
2018-01-01 00:00:00.620	1.3176090831865688	0.5421306183009432	0.07912015062351868
2018-01-01 00:00:00.640	1.3062038130832432	0.5567705900876938	0.08186156356157395
2018-01-01 00:00:00.660	1.2945060452691675	0.5711507297919234	0.08439719326852134
2018-01-01 00:00:00.680	1.2825220065116638	0.5852646652439845	0.08670744121448264
2018-01-01 00:00:00.700	1.2702580706237565	0.5991061778696994	0.08877554070752597
2018-01-01 00:00:00.720	1.2577207546165454	0.61266920620078	0.09058773934416126
2018-01-01 00:00:00.740	1.2449167147662157	0.6259478492881	0.09213344302444515
2018-01-01 00:00:00.760	1.2318527425981305	0.638936370015723	0.09340531976638158
2018-01-01 00:00:00.780	1.2185357607905354	0.6516291983136523	0.09439936206922002
2018-01-01 00:00:00.800	1.2049728190004267	0.6640209342673342	0.09511490710600601
2018-01-01 00:00:00.820	1.1911710896142056	0.6761063511220065	0.0955546145655176
2018-01-01 00:00:00.840	1.1771378634257705	0.6878803981800565	0.0957244025056079
2018-01-01 00:00:00.860	1.1628805452447601	0.6993382035896182	0.09563334211701885
2018-01-01 00:00:00.880	1.148406649437687	0.710475077022701	0.0952935128220493
2018-01-01 00:00:00.900	1.1337237954047596	0.7212865122412219	0.0947198196393169
2018-01-01 00:00:00.920	1.1188397029952184	0.7317681895493777	0.09392977522775182
2018-01-01 00:00:00.940	1.1037621878640516	0.7419159781308624	0.09294324947372266
2018-01-01 00:00:00.960	1.0884991567730056	0.7517259382695172	0.09178218989904592
2018-01-01 00:00:00.980	1.0730586028388145	0.7611943234520632	0.09047031653926761
2018-01-01 00:00:01.000	1.057448600731634	0.7703175823516493	0.08903279526626574
2018-01-01 00:00:01.020	1.0416773018266738	0.7790923606910188	0.08749589380275123
2018-01-01 00:00:01.040	1.0257529293120624	0.7875155029841728	0.08588662489513835
2018-01-01 00:00:01.060	1.0096837732560038	0.7955840541554897	0.08423238127271478
2018-01-01 00:00:01.080	0.9934781856363082	0.803295261035334	0.08256056712300376
2018-01-01 00:00:01.100	0.9771445753354052	0.8106465737312647	0.080898230854375
2018-01-01 00:00:01.120	0.9606914031039628	0.8176356468740346	0.07927170389680968
2018-01-01 00:00:01.140	0.944127176496264	0.8242603407376472	0.07770625021052724
2018-01-01 00:00:01.160	0.9274604447805049	0.8305187222328231	0.07622573103098244
2018-01-01 00:00:01.180	0.9106997938271882	0.836409065773298	0.0748522891793704
2018-01-01 00:00:01.200	0.8938538409788107	0.8419298540144645	0.0736060570127966
2018-01-01 00:00:01.220	0.8769312299040443	0.8470797784639436	0.07250489178095856
2018-01-01 00:00:01.240	0.8599406254396263	0.8518577399637542	0.07156414180050495
2018-01-01 00:00:01.260	0.8428907084231756	0.8562628490438327	0.07079644645875172
2018-01-01 00:00:01.280	0.8257901705201621	0.8602944261467274	0.07021157262028561
2018-01-01 00:00:01.300	0.8086477090482558	0.8639520017233867	0.06981628953879905
2018-01-01 00:00:01.320	0.7914720218022848	0.8672353162000248	0.06961428387833603
2018-01-01 00:00:01.340	0.7742718018830315	0.8701443198161468	0.06960611592938616
2018-01-01 00:00:01.360	0.7570557325330878	0.872679172333881	0.06978921757260854
2018-01-01 00:00:01.380	0.7398324819829952	0.8748402426188587	0.07015793200324216
2018-01-01 00:00:01.400	0.7226106983108741	0.8766281080929529	0.07070359468940243
2018-01-01 00:00:01.420	0.7053990043187531	0.8780435540592784	0.07141465450440468
2018-01-01 00:00:01.440	0.6882059924287861	0.8790875728999245	0.0722768334538513
2018-01-01 00:00:01.460	0.6710402196025382	0.8797613631469818	0.0732733229191341
2018-01-01 00:00:01.480	0.6539102022865	0.8800663284274971	0.07438501386666005
2018-01-01 00:00:01.500	0.6368244113869825	0.8800040762830718	0.07559075803256605
2018-01-01 00:00:01.520	0.619791267277517	0.8795764168649035	0.07686765669160511
2018-01-01 00:00:01.540	0.6028191348418621	0.878785361505135	0.07819137326140681
2018-01-01 00:00:01.560	0.5859163185557082	0.8776331211654689	0.07953646568404409
2018-01-01 00:00:01.580	0.5690910576101312	0.8761221047640714	0.08087673426974562
2018-01-01 00:00:01.600	0.5523515210798291	0.8742549173818717	0.08218558048598804
2018-01-01 00:00:01.620	0.5357058031391411	0.8720343583494309	0.08343637203167831
2018-01-01 00:00:01.640	0.5191619183288221	0.8694634192156464	0.08460280945254628
2018-01-01 00:00:01.660	0.5027277968765115	0.8665452815996071	0.08565928953128239
2018-01-01 00:00:01.680	0.4864112800737947	0.8632833149270099	0.08658126072468514
2018-01-01 00:00:01.700	0.47022011571273276	0.8596810740526125	0.08734556601962282
2018-01-01 00:00:01.720	0.4541619535846814	0.8557422967702616	0.08793076873870707
2018-01-01 00:00:01.740	0.4382443410441948	0.8514709012121204	0.08831745704317503
2018-01-01 00:00:01.760	0.422474718640757	0.846870983138776	0.08848852315181897
2018-01-01 00:00:01.780	0.40686041582104593	0.8419468131219842	0.08842941361740433
2018-01-01 00:00:01.800	0.3914086467043929	0.836702833621871	0.08812834737174746
2018-01-01 00:00:01.820	0.37612650593404096	0.8311436559604786	0.08757649866274574
2018-01-01 00:00:01.840	0.3610209646067755	0.8252740571936107	0.08676814245587805
2018-01-01 00:00:01.860	0.3460988662834311	0.8190989768829895	0.08570076035326495
2018-01-01 00:00:01.880	0.3313669230827439	0.8126235137708049	0.08437510558913344
2018-01-01 00:00:01.900	0.3168317118609523	0.8058529223587962	0.0827952261849822
2018-01-01 00:00:01.920	0.3024996704795015	0.7987926093940626	0.08096844588416521
2018-01-01 00:00:01.940	0.28837709416315216	0.7914481302638634	0.07890530302712408
2018-01-01 00:00:01.960	0.27447013195072617	0.7838251853017185	0.07661944806815185
2018-01-01 00:00:01.980	0.2607847832406776	0.7759296160071826	0.07412750096544823
2018-01-01 00:00:02.000	0.24732689443360206	0.7677674011817116	0.07144887019150656
2018-01-01 00:00:02.020	0.2341021556737493	0.7593446529831044	0.06860553560395517
2018-01-01 00:00:02.040	0.22111609769152862	0.750667612901038	0.06562179788152352
2018-01-01 00:00:02.060	0.2083740887489402	0.7417426476562778	0.06252399765986238
2018-01-01 00:00:02.080	0.19588133168980015	0.7325762450261842	0.05934020789199285
2018-01-01 00:00:02.100	0.18364286109655203	0.7231750095991837	0.05609990330318304
2018-01-01 00:00:02.120	0.17166354055540237	0.7135456584609196	0.05283361110563185
2018-01-01 00:00:02.140	0.15994806003143494	0.7036950168148355	0.04957254738066577
2018-01-01 00:00:02.160	0.14850093335530237	0.6936300135399899	0.04634824372213137
2018-01-01 00:00:02.180	0.13732649582301037	0.6833576766889364	0.04319216886188426
2018-01-01 00:00:02.200	0.12642890191024556	0.6728851289285396	0.040135350065110695
2018-01-01 00:00:02.220	0.11581212310262501	0.6622195829266384	0.037207999088799786
2018-01-01 00:00:02.240	0.1054799458431646	0.6513683366874935	0.03443914744093478
2018-01-01 00:00:02.260	0.09543596959819971	0.6403387688389935	0.0318562955616031
2018-01-01 00:00:02.280	0.08568360504290573	0.6291383338746219	0.029485080371716217
2018-01-01 00:00:02.300	0.07622607236749893	0.6177745573532134	0.027348965402632968
2018-01-01 00:00:02.320	0.0670663997051143	0.6062550310595574	0.02546895743365757
2018-01-01 00:00:02.340	0.058207421682283954	0.5945874081289234	0.023863353227811405
2018-01-01 00:00:02.360	0.04965177809286236	0.5827793981386196	0.022547519573755337
2018-01-01 00:00:02.380	0.041401912696160795	0.5708387621696922	0.021533709418169747
2018-01-01 00:00:02.400	0.03346007213998286	0.5587733078419198	0.02083091641370823
2018-01-01 00:00:02.420	0.025828305009164495	0.5465908843252442	0.020444769718703296
2018-01-01 00:00:02.440	0.018508461000151223	0.5342993773308202	0.020377470372388563
2018-01-01 00:00:02.460	0.011502190222057378	0.5219067040848551	0.020627770040068286
2018-01-01 00:00:02.480	0.0048109426245770085	0.5094208082884344	0.02119099238319782
2018-01-01 00:00:02.500	-0.0015640324469649361	0.49684965506653533	0.02205909676664355
2018-01-01 00:00:02.520	-0.0076216865692171456	0.4842012259094256	0.023220783476422466
2018-01-01 00:00:02.540	-0.013361172430932461	0.4714835136096665	0.02466163909288218
2018-01-01 00:00:02.560	-0.018781843895582635	0.4587045171979212	0.026364320153339563
2018-01-01 00:00:02.580	-0.023883255936489534	0.4458722368807885	0.028308772751192972
2018-01-01 00:00:02.600	-0.02866516444459187	0.43299466898386274	0.03047248526169993
2018-01-01 00:00:02.620	-0.03312752590904338	0.4200798009032287	0.032830770963813295
2018-01-01 00:00:02.640	-0.03727049697091943	0.40713560606858923	0.035357076948085854
2018-01-01 00:00:02.660	-0.04109443385039242	0.3941700389212116	0.03802331536754528
2018-01-01 00:00:02.680	-0.044599891647811585	0.38119102990987835	0.0408002128058596
2018-01-01 00:00:02.700	-0.04778762351920802	0.3682064805080016	0.043657673308689686
2018-01-01 00:00:02.720	-0.050658579726820446	0.3552242582550615	0.046565150452765346
2018-01-01 00:00:02.740	-0.05321390656532035	0.3422521918254987	0.04949202371512021
2018-01-01 00:00:02.760	-0.055454945164491294	0.3292980661281813	0.05240797435350758
2018-01-01 00:00:02.780	-0.05738323016919603	0.31636961743954556	0.05528335601893867
2018-01-01 00:00:02.800	-0.059000488297544035	0.3034745285734811	0.05808955539240942
2018-01-01 00:00:02.820	-0.06030863677824673	0.29062042409101735	0.06079933826927623
2018-01-01 00:00:02.840	-0.061309781668226815	0.2778148655528293	0.06338717670473085
2018-01-01 00:00:02.860	-0.06200621605162147	0.26506534681756705	0.06582955307993874
2018-01-01 00:00:02.880	-0.06240041812139606	0.25237928938896853	0.06810523724750653
2018-01-01 00:00:02.900	-0.0624950491448583	0.23976403781469482	0.07019553326316258
2018-01-01 00:00:02.920	-0.06229295131443628	0.22722685513978952	0.07208449260341215
2018-01-01 00:00:02.940	-0.06179714548515658	0.21477491841762328	0.07375909120141379
2018-01-01 00:00:02.960	-0.061010828800330416	0.2024153142811579	0.07520936809985629
2018-01-01 00:00:02.980	-0.059937372207025816	0.19015503457731298	0.0764285240142155
2018-01-01 00:00:03.000	-0.05858031786297429	0.17800097206718918	0.07741297861607528
2018-01-01 00:00:03.020	-0.05694337643662826	0.16595991619484818	0.07816238587758836
2018-01-01 00:00:03.040	-0.05503042430215348	0.1540385489273131	0.07867960735780237
2018-01-01 00:00:03.060	-0.052845500631207236	0.1422434406684062	0.07897064385255942
2018-01-01 00:00:03.080	-0.050392804383417096	0.13058104624898562	0.0790445263650519
2018-01-01 00:00:03.100	-0.047676691197540894	0.11905770099610602	0.07891316787700789
2018-01-01 00:00:03.120	-0.044701670185348936	0.10767961688356352	0.07859117790417977
2018-01-01 00:00:03.140	-0.04147240063033318	0.09645287876624488	0.07809564229785254
2018-01-01 00:00:03.160	-0.037993688593405996	0.0853834407006378	0.07744587120034306
2018-01-01 00:00:03.180	-0.03427048342781112	0.0744771223538083	0.07666311847119725
2018-01-01 00:00:03.200	-0.03030787420552629	0.06373960550309392	0.07577027626677109
2018-01-01 00:00:03.220	-0.02611108605749329	0.053176430628703156	0.07479154877440339
2018-01-01 00:00:03.240	-0.021685476430062647	0.04279299360134559	0.07375210936936868
2018-01-01 00:00:03.260	-0.01703653126009829	0.03259454246696935	0.07267774567481892
2018-01-01 00:00:03.280	-0.012169861071232985	0.022586174330605766	0.0715944971592548
2018-01-01 00:00:03.300	-0.0070911969938194114	0.012772832341268085	0.07052829000074193
2018-01-01 00:00:03.320	-0.0018063867111652295	0.003159302779776673	0.06950457398089105
2018-01-01 00:00:03.340	0.003678609665307882	-0.0062497877486720615	0.06854796614411732
2018-01-01 00:00:03.360	0.00935772378930014	-0.015449975015450838	0.0676819058692501
2018-01-01 00:00:03.380	0.015224783338542274	-0.024436959761288884	0.06692832585230674
2018-01-01 00:00:03.400	0.021273516336606818	-0.03320661017928797	0.06630734329309126
2018-01-01 00:00:03.420	0.02749755553482035	-0.04175496428663723	0.06583697531687166
2018-01-01 00:00:03.440	0.03389044285143036	-0.05007823218355691	0.06553288234908985
2018-01-01 00:00:03.460	0.04044563386515262	-0.05817279819808524	0.0654081427998971
2018-01-01 00:00:03.480	0.04715650236018136	-0.06603522291538237	0.06547306201091213
2018-01-01 00:00:03.500	0.054016344919719614	-0.0736622450903097	0.06573501797417922
2018-01-01 00:00:03.520	0.061018385565056704	-0.08105078344211633	0.06619834585852741
2018-01-01 00:00:03.540	0.0681557804371851	-0.0881979383301327	0.06686426287751086
2018-01-01 00:00:03.560	0.07542162251793075	-0.09510099330945776	0.06773083451227008
2018-01-01 00:00:03.580	0.08280894638753912	-0.10175741656569427	0.06879298256868932
2018-01-01 00:00:03.600	0.09031073301564417	-0.10816486222787172	0.07004253500799647
2018-01-01 00:00:03.620	0.09791991458251889	-0.11432117155876743	0.07146831695039085
2018-01-01 00:00:03.640	0.10562937932749207	-0.12022437402191888	0.07305628171933387
2018-01-01 00:00:03.660	0.11343197642140208	-0.12587268822470105	0.07478968027661813
2018-01-01 00:00:03.680	0.12132052085993475	-0.13126452273691508	0.07664926690190323
2018-01-01 00:00:03.700	0.12928779837469015	-0.13639847678442232	0.07861353850143929
2018-01-01 00:00:03.720	0.13732657035880355	-0.1412733408174305	0.08065900449522809
2018-01-01 00:00:03.740	0.14542957880394636	-0.14588809695312635	0.08276048383548423
2018-01-01 00:00:03.760	0.15358955124551654	-0.15024191929242164	0.08489142535705677
2018-01-01 00:00:03.780	0.16179920571282883	-0.15433417411066516	0.08702424735698322
2018-01-01 00:00:03.800	0.1700512556811169	-0.15816441992225463	0.08913069204947306
2018-01-01 00:00:03.820	0.17833841502214673	-0.16173240741915723	0.09118219034758969
2018-01-01 00:00:03.840	0.18665340295025545	-0.16503807928343536	0.09315023228622933
2018-01-01 00:00:03.860	0.19498894896062288	-0.1680815698739482	0.09500673832444596
2018-01-01 00:00:03.880	0.20333779775659852	-0.17086320478748657	0.09672442674973912
2018-01-01 00:00:03.900	0.2116927141629036	-0.17338350029467234	0.0982771724528045
2018-01-01 00:00:03.920	0.22004648802154564	-0.17564316265103866	0.09964035244788683
2018-01-01 00:00:03.940	0.22839193906729363	-0.1776430872837848	0.10079117367988912
2018-01-01 00:00:03.960	0.23672192177957	-0.1793843578547791	0.10170897888268166
2018-01-01 00:00:03.980	0.24502933020763823	-0.18086824520046227	0.10237552653075574
2018-01-01 00:00:04.000	0.25330710276597773	-0.18209620614938385	0.10277524125492422
2018-01-01 00:00:04.020	0.2615482269967623	-0.18306988221818002	0.10289543146799039
2018-01-01 00:00:04.040	0.26974574429637227	-0.18379109818688047	0.1027264713633689
2018-01-01 00:00:04.060	0.2778927546029014	-0.18426186055450874	0.10226194490322166
2018-01-01 00:00:04.080	0.2859824210416442	-0.18448435587601694	0.10149874989694382
2018-01-01 00:00:04.100	0.2940079745255702	-0.18446094898167073	0.10043716077960785
2018-01-01 00:00:04.120	0.30196271830783017	-0.1841941810800772	0.09908084922671975
2018-01-01 00:00:04.140	0.3098400324833622	-0.1836867677461206	0.09743686227961709
2018-01-01 00:00:04.160	0.3176333784367082	-0.18294159679514663	0.09551555819814501
2018-01-01 00:00:04.180	0.3253363032331735	-0.1819617260448056	0.09333050079693905
2018-01-01 00:00:04.200	0.3329424439505103	-0.18075038096604054	0.09089831355179984
2018-01-01 00:00:04.220	0.34044553194834193	-0.17931095222477278	0.08823849527647165
2018-01-01 00:00:04.240	0.3478393970725777	-0.17764699311591087	0.08537319966105497
2018-01-01 00:00:04.260	0.35511797179211985	-0.17576221689137492	0.08232698142498422
2018-01-01 00:00:04.280	0.3622752952652027	-0.17366049398389882	0.07912651226408889
2018-01-01 00:00:04.300	0.36930551733275113	-0.17134584912843498	0.07580027015723896
2018-01-01 00:00:04.320	0.37620290243619153	-0.16882245838305732	0.07237820593852635
2018-01-01 00:00:04.340	0.38296183345719675	-0.16609464605131755	0.06889139133147398
2018-01-01 00:00:04.360	0.3895768154769007	-0.16316688150807448	0.06537165287867235
2018-01-01 00:00:04.380	0.3960424794521656	-0.16004377593087907	0.061851196380495174
2018-01-01 00:00:04.400	0.40235358580653946	-0.15673007893905516	0.05836222657780459
2018-01-01 00:00:04.420	0.40850502793359833	-0.15323067514267866	0.05493656687429944
2018-01-01 00:00:04.440	0.4144918356104243	-0.14955058060371015	0.05160528389357941
2018-01-01 00:00:04.460	0.4203091783190231	-0.1456949392115986	0.04839832160412527
2018-01-01 00:00:04.480	0.42595236847355045	-0.14166901897572248	0.04534414962300711
2018-01-01 00:00:04.500	0.4314168645512766	-0.1374782082370905	0.042469430127803395
2018-01-01 00:00:04.520	0.4366982741252734	-0.13312801180177625	0.039798707568277525
2018-01-01 00:00:04.540	0.4417923567968819	-0.128624046998609	0.03735412507784616
2018-01-01 00:00:04.560	0.44669502702607183	-0.1239720396636932	0.035155171143542045
2018-01-01 00:00:04.580	0.4514023568578831	-0.11917782005437336	0.033218459706386635
2018-01-01 00:00:04.600	0.45591057854319067	-0.11424731869530942	0.03155754643680872
2018-01-01 00:00:04.620	0.4602160870521157	-0.1091865621593692	0.030182783467448435
2018-01-01 00:00:04.640	0.4643154424784692	-0.10400166878608359	0.029101214374299862
2018-01-01 00:00:04.660	0.4682053723336802	-0.0986988443404561	0.02831651068296912
2018-01-01 00:00:04.680	0.4718827737287421	-0.09328437761495029	0.02782895064644605
2018-01-01 00:00:04.700	0.4753447154427709	-0.08776463597751938	0.027635440501008086
2018-01-01 00:00:04.720	0.47858843987685257	-0.08214606086857192	0.02772957786460954
2018-01-01 00:00:04.740	0.48161136489192075	-0.07643516324980638	0.028101756404312356
2018-01-01 00:00:04.760	0.48441108552948886	-0.07063851900787342	0.02873931037287117
2018-01-01 00:00:04.780	0.4869853756141297	-0.06476276431585218	0.02962669710624903
2018-01-01 00:00:04.800	0.4893321892366766	-0.05881459095556112	0.030745715090119356
2018-01-01 00:00:04.820	0.4914496621171909	-0.05280074160374019	0.032075754750501555
2018-01-01 00:00:04.840	0.4933361128468238	-0.04672800508517111	0.03359407870738727
2018-01-01 00:00:04.860	0.4949900440077754	-0.04060321159581714	0.03527612785587113
2018-01-01 00:00:04.880	0.49641014317062926	-0.034433227899090396	0.037095849311692186
2018-01-01 00:00:04.900	0.49759528376842677	-0.02822495249836615	0.03902604198142634
2018-01-01 00:00:04.920	0.4985445258469173	-0.02198531078887837	0.041038715295368386
2018-01-01 00:00:04.940	0.49925711669050343	-0.015721250192150166	0.043105456476261274
2018-01-01 00:00:04.960	0.4997324913234804	-0.009439735276116369	0.045197801611563004
2018-01-01 00:00:04.980	0.4999702728862469	-0.0031477428641105342	0.047287605752238684
2018-01-01 00:00:05.000	0.4999702728862469	0.00314774286411019	0.04934740727768819
2018-01-01 00:00:05.020	0.4997324913234804	0.009439735276116246	0.051350781844137015
2018-01-01 00:00:05.040	0.49925711669050343	0.015721250192149823	0.05327268137163859
2018-01-01 00:00:05.060	0.4985445258469173	0.021985310788878023	0.055089753720962364
2018-01-01 00:00:05.080	0.49759528376842677	0.02822495249836581	0.056780638963561794
2018-01-01 00:00:05.100	0.49641014317062926	0.03443322789909028	0.058326238452278786
2018-01-01 00:00:05.120	0.4949900440077754	0.040603211595816806	0.05970995325353427
2018-01-01 00:00:05.140	0.493336112846824	0.046728005085170776	0.06091788889893708
2018-01-01 00:00:05.160	0.4914496621171909	0.05280074160374006	0.06193902385040542
2018-01-01 00:00:05.180	0.48933218923667676	0.05881459095556079	0.0627653395424399
2018-01-01 00:00:05.200	0.48698537561412986	0.06476276431585186	0.06339191036207194
2018-01-01 00:00:05.220	0.484411085529489	0.07063851900787312	0.06381695244485493
2018-01-01 00:00:05.240	0.4816113648919209	0.07643516324980629	0.06404183069741844
2018-01-01 00:00:05.260	0.47858843987685273	0.0821460608685716	0.06407102399672496
2018-01-01 00:00:05.280	0.47534471544277107	0.08776463597751907	0.06391204905632691
2018-01-01 00:00:05.300	0.4718827737287421	0.09328437761495016	0.06357534398367923
2018-01-01 00:00:05.320	0.46820537233368037	0.0986988443404558	0.06307411307306252
2018-01-01 00:00:05.340	0.46431544247846934	0.10400166878608329	0.06242413487922651
2018-01-01 00:00:05.360	0.46021608705211603	0.10918656215936894	0.06164353609105208
2018-01-01 00:00:05.380	0.45591057854319067	0.11424731869530932	0.060752534166242184
2018-01-01 00:00:05.400	0.4514023568578834	0.11917782005437311	0.05977315209164204
2018-01-01 00:00:05.420	0.44669502702607217	0.12397203966369297	0.05872890899404045
2018-01-01 00:00:05.440	0.441792356796882	0.12862404699860894	0.05764449063861729
2018-01-01 00:00:05.460	0.43669827412527373	0.13312801180177603	0.05654540411254324
2018-01-01 00:00:05.480	0.4314168645512769	0.13747820823709028	0.055457621196271546
2018-01-01 00:00:05.500	0.4259523684735508	0.14166901897572226	0.05440721507215364
2018-01-01 00:00:05.520	0.42030917831902326	0.1456949392115985	0.053419995107258055
2018-01-01 00:00:05.540	0.4144918356104246	0.14955058060370996	0.052521144473565075
2018-01-01 00:00:05.560	0.4085050279335986	0.15323067514267844	0.05173486533369581
2018-01-01 00:00:05.580	0.40235358580653946	0.15673007893905508	0.05108403622446504
2018-01-01 00:00:05.600	0.39604247945216586	0.16004377593087887	0.05058988611505222
2018-01-01 00:00:05.620	0.389576815476901	0.1631668815080743	0.05027168940344121
2018-01-01 00:00:05.640	0.38296183345719703	0.16609464605131738	0.05014648584674308
2018-01-01 00:00:05.660	0.3762029024361917	0.16882245838305726	0.050228829101506445
2018-01-01 00:00:05.680	0.3693055173327514	0.17134584912843484	0.05053056718323341
2018-01-01 00:00:05.700	0.36227529526520297	0.17366049398389868	0.05106065774478233
2018-01-01 00:00:05.720	0.35511797179212	0.1757622168913749	0.05182502062637874
2018-01-01 00:00:05.740	0.34783939707257816	0.17764699311591078	0.05282642965132872
2018-01-01 00:00:05.760	0.3404455319483424	0.1793109522247727	0.05406444513736361
2018-01-01 00:00:05.780	0.33294244395051076	0.18075038096604049	0.055535388070316896
2018-01-01 00:00:05.800	0.32533630323317364	0.18196172604480557	0.057232356351255634
2018-01-01 00:00:05.820	0.31763337843670864	0.18294159679514654	0.05914528298713223
2018-01-01 00:00:05.840	0.3098400324833626	0.18368676774612058	0.06126103555543758
2018-01-01 00:00:05.860	0.3019627183078303	0.18419418108007718	0.06356355574213945
2018-01-01 00:00:05.880	0.2940079745255706	0.18446094898167073	0.06603403723621128
2018-01-01 00:00:05.900	0.28598242104164456	0.18448435587601694	0.06865113976991254
2018-01-01 00:00:05.920	0.2778927546029018	0.18426186055450874	0.07139123662801496
2018-01-01 00:00:05.940	0.26974574429637244	0.18379109818688047	0.0742286925173754
2018-01-01 00:00:05.960	0.2615482269967628	0.18306988221818007	0.07713616829616195
2018-01-01 00:00:05.980	0.2533071027659781	0.18209620614938385	0.08008494871470166
2018-01-01 00:00:06.000	0.24502933020763834	0.18086824520046227	0.0830452890217854
2018-01-01 00:00:06.020	0.23672192177957047	0.1793843578547792	0.08598677604517053
2018-01-01 00:00:06.040	0.2283919390672941	0.17764308728378492	0.08887869916613186
2018-01-01 00:00:06.060	0.2200464880215461	0.17564316265103877	0.09169042647763127
2018-01-01 00:00:06.080	0.21169271416290372	0.17338350029467234	0.09439178134571505
2018-01-01 00:00:06.100	0.203337797756599	0.1708632047874867	0.0969534145849871
2018-01-01 00:00:06.120	0.19498894896062333	0.16808156987394834	0.0993471675115869
2018-01-01 00:00:06.140	0.18665340295025568	0.16503807928343547	0.10154642125033837
2018-01-01 00:00:06.160	0.17833841502214715	0.16173240741915743	0.10352642784520882
2018-01-01 00:00:06.180	0.1700512556811173	0.1581644199222548	0.10526461895170527
2018-01-01 00:00:06.200	0.16179920571282924	0.15433417411066536	0.10674088817340918
2018-01-01 00:00:06.220	0.15358955124551674	0.15024191929242176	0.10793784343889082
2018-01-01 00:00:06.240	0.14542957880394686	0.14588809695312663	0.10884102619546526
2018-01-01 00:00:06.260	0.13732657035880397	0.14127334081743073	0.10943909461778904
2018-01-01 00:00:06.280	0.12928779837469034	0.13639847678442243	0.10972396848675954
2018-01-01 00:00:06.300	0.12132052085993522	0.1312645227369154	0.10969093388169851
2018-01-01 00:00:06.320	0.11343197642140246	0.1258726882247013	0.10933870634014421
2018-01-01 00:00:06.340	0.10562937932749253	0.12022437402191923	0.10866945166818653
2018-01-01 00:00:06.360	0.09791991458251934	0.11432117155876778	0.10768876412338962
2018-01-01 00:00:06.380	0.09031073301564461	0.10816486222787208	0.10640560223505055
2018-01-01 00:00:06.400	0.08280894638753929	0.10175741656569444	0.10483218306588793
2018-01-01 00:00:06.420	0.07542162251793116	0.09510099330945816	0.1029838362483334
2018-01-01 00:00:06.440	0.06815578043718551	0.08819793833013309	0.10087881964063346
2018-01-01 00:00:06.460	0.06101838556505678	0.08105078344211641	0.09853809893640636
2018-01-01 00:00:06.480	0.05401634491971999	0.07366224509031012	0.09598509401986727
2018-01-01 00:00:06.500	0.047156502360181506	0.06603522291538254	0.09324539528178344
2018-01-01 00:00:06.520	0.04044563386515326	0.05817279819808601	0.09034645349292168
2018-01-01 00:00:06.540	0.033890442851430704	0.05007823218355735	0.08731724716740381
2018-01-01 00:00:06.560	0.027497555534820483	0.041754964286637414	0.08418793163373404
2018-01-01 00:00:06.580	0.021273516336607397	0.03320661017928879	0.0809894742625995
2018-01-01 00:00:06.600	0.015224783338542585	0.024436959761289345	0.07775328047496549
2018-01-01 00:00:06.620	0.009357723789300257	0.015449975015451027	0.0745108152692199
2018-01-01 00:00:06.640	0.0036786096653081677	0.006249787748672537	0.07129322506071656
2018-01-01 00:00:06.660	-0.0018063867111649285	-0.0031593027797761418	0.0681309646203341
2018-01-01 00:00:06.680	-0.0070911969938193065	-0.012772832341267889	0.06505343383068322
2018-01-01 00:00:06.700	-0.012169861071232711	-0.02258617433060522	0.06208862885025192
2018-01-01 00:00:06.720	-0.01703653126009803	-0.032594542466968794	0.059262812088726156
2018-01-01 00:00:06.740	-0.021685476430062557	-0.042792993601345385	0.056600205153369595
2018-01-01 00:00:06.760	-0.026111086057493054	-0.05317643062870259	0.05412270862979856
2018-01-01 00:00:06.780	-0.03030787420552621	-0.06373960550309371	0.05184965221459356
2018-01-01 00:00:06.800	-0.03427048342781076	-0.07447712235380731	0.049797578326352884
2018-01-01 00:00:06.820	-0.03799368859340579	-0.08538344070063716	0.04798006189104448
2018-01-01 00:00:06.840	-0.0414724006303331	-0.09645287876624462	0.04640756853239882
2018-01-01 00:00:06.860	-0.0447016701853487	-0.10767961688356266	0.04508735290454077
2018-01-01 00:00:06.880	-0.04767669119754074	-0.11905770099610544	0.04402339838845068
2018-01-01 00:00:06.900	-0.050392804383417034	-0.13058104624898534	0.043216398842769524
2018-01-01 00:00:06.920	-0.05284550063120706	-0.14224344066840533	0.04266378255973788
2018-01-01 00:00:06.940	-0.0550304243021534	-0.15403854892731264	0.042359778035616025
2018-01-01 00:00:06.960	-0.05694337643662822	-0.16595991619484793	0.04229552062870896
2018-01-01 00:00:06.980	-0.058580317862974206	-0.1780009720671885	0.042459198653997665
2018-01-01 00:00:07.000	-0.059937372207025774	-0.19015503457731253	0.04283623695808317
2018-01-01 00:00:07.020	-0.0610108288003304	-0.20241531428115764	0.043409515538154496
2018-01-01 00:00:07.040	-0.061797145485156545	-0.2147749184176226	0.0441596203201627
2018-01-01 00:00:07.060	-0.06229295131443627	-0.22722685513978907	0.045065122800060975
2018-01-01 00:00:07.080	-0.0624950491448583	-0.2397640378146939	0.046102884883133646
2018-01-01 00:00:07.100	-0.06240041812139607	-0.2523792893889678	0.047248384934820246
2018-01-01 00:00:07.120	-0.06200621605162147	-0.26506534681756677	0.04847606078614788
2018-01-01 00:00:07.140	-0.06130978166822688	-0.27781486555282836	0.04975966522139855
2018-01-01 00:00:07.160	-0.0603086367782468	-0.2906204240910166	0.05107262931770753
2018-01-01 00:00:07.180	-0.059000488297544056	-0.30347452857348084	0.05238842890793056
2018-01-01 00:00:07.200	-0.05738323016919616	-0.31636961743954467	0.053680949400598234
2018-01-01 00:00:07.220	-0.05545494516449137	-0.3292980661281808	0.05492484421456475
2018-01-01 00:00:07.240	-0.05321390656532041	-0.3422521918254985	0.056095882170736314
2018-01-01 00:00:07.260	-0.0506585797268206	-0.35522425825506077	0.05717127932795456
2018-01-01 00:00:07.280	-0.04778762351920812	-0.36820648050800114	0.05813001095282633
2018-01-01 00:00:07.300	-0.04459989164781165	-0.3811910299098781	0.05895309957144659
2018-01-01 00:00:07.320	-0.04109443385039262	-0.3941700389212109	0.05962387536121813
2018-01-01 00:00:07.340	-0.03727049697091958	-0.40713560606858873	0.06012820549935008
2018-01-01 00:00:07.360	-0.033127525909043685	-0.42007980090322783	0.060454689486512586
2018-01-01 00:00:07.380	-0.028665164444592127	-0.4329946689838621	0.060594817904363864
2018-01-01 00:00:07.400	-0.023883255936489628	-0.4458722368807882	0.06054309253859887
2018-01-01 00:00:07.420	-0.018781843895583013	-0.45870451719792027	0.06029710629871537
2018-01-01 00:00:07.440	-0.013361172430932766	-0.4714835136096658	0.059857581885436745
2018-01-01 00:00:07.460	-0.007621686569217259	-0.4842012259094254	0.059228368689990804
2018-01-01 00:00:07.480	-0.001564032446965386	-0.49684965506653445	0.05841639794937316
2018-01-01 00:00:07.500	0.004810942624576766	-0.509420808288434	0.05743159672138109
2018-01-01 00:00:07.520	0.011502190222057245	-0.5219067040848548	0.05628676177566042
2018-01-01 00:00:07.540	0.018508461000150835	-0.5342993773308196	0.05499739501541572
2018-01-01 00:00:07.560	0.025828305009164217	-0.5465908843252438	0.053581502542141723
2018-01-01 00:00:07.580	0.033460072139982706	-0.5587733078419196	0.05205935994633548
2018-01-01 00:00:07.600	0.041401912696160344	-0.5708387621696915	0.05045324684460244
2018-01-01 00:00:07.620	0.04965177809286205	-0.5827793981386191	0.04878715408225557
2018-01-01 00:00:07.640	0.05820742168228332	-0.5945874081289226	0.04708646737528989
2018-01-01 00:00:07.660	0.06706639970511381	-0.6062550310595567	0.04537763147194191
2018-01-01 00:00:07.680	0.07622607236749875	-0.6177745573532133	0.043687799167978575
2018-01-01 00:00:07.700	0.08568360504290502	-0.629138333874621	0.04204446970811366
2018-01-01 00:00:07.720	0.09543596959819917	-0.6403387688389929	0.04047512124599987
2018-01-01 00:00:07.740	0.10547994584316438	-0.6513683366874932	0.03900684211526136
2018-01-01 00:00:07.760	0.11581212310262426	-0.6622195829266376	0.03766596568297936
2018-01-01 00:00:07.780	0.12642890191024517	-0.6728851289285392	0.036477713514690646
2018-01-01 00:00:07.800	0.13732649582301013	-0.6833576766889362	0.035465851476813345
2018-01-01 00:00:07.820	0.14850093335530176	-0.6936300135399893	0.03465236323980871
2018-01-01 00:00:07.840	0.1599480600314345	-0.703695016814835	0.03405714542538933
2018-01-01 00:00:07.860	0.17166354055540214	-0.7135456584609193	0.03369772836651634
2018-01-01 00:00:07.880	0.18364286109655137	-0.7231750095991832	0.033589026123295354
2018-01-01 00:00:07.900	0.19588133168979968	-0.7325762450261839	0.03374311902535881
2018-01-01 00:00:07.920	0.20837408874893928	-0.7417426476562772	0.034169071596684336
2018-01-01 00:00:07.940	0.2211160976915279	-0.7506676129010376	0.0348727882673519
2018-01-01 00:00:07.960	0.2341021556737491	-0.7593446529831042	0.03585690879427626
2018-01-01 00:00:07.980	0.2473268944336011	-0.7677674011817109	0.03712074480564767
2018-01-01 00:00:08.000	0.2607847832406769	-0.7759296160071821	0.038660258358176484
2018-01-01 00:00:08.020	0.27447013195072595	-0.7838251853017184	0.04046808285900094
2018-01-01 00:00:08.040	0.2883770941631512	-0.791448130263863	0.04253358616217768
2018-01-01 00:00:08.060	0.30249967047950094	-0.7987926093940624	0.044842975109969346
2018-01-01 00:00:08.080	0.316831711860952	-0.8058529223587961	0.04737944025860025
2018-01-01 00:00:08.100	0.33136692308274307	-0.8126235137708044	0.050123339013573846
2018-01-01 00:00:08.120	0.34609886628343056	-0.8190989768829893	0.05305241490762759
2018-01-01 00:00:08.140	0.36102096460677524	-0.8252740571936106	0.056142050291253194
2018-01-01 00:00:08.160	0.3761265059340401	-0.8311436559604782	0.05936554927738216
2018-01-01 00:00:08.180	0.3914086467043923	-0.8367028336218708	0.06269444739380947
2018-01-01 00:00:08.200	0.4068604158210448	-0.8419468131219839	0.06609884405418213
2018-01-01 00:00:08.220	0.42247471864075614	-0.8468709831387757	0.0695477536653301
2018-01-01 00:00:08.240	0.4382443410441945	-0.8514709012121203	0.0730094709490836
2018-01-01 00:00:08.260	0.45416195358468026	-0.8557422967702614	0.07645194587363638
2018-01-01 00:00:08.280	0.470220115712732	-0.8596810740526124	0.07984316346527023
2018-01-01 00:00:08.300	0.4864112800737944	-0.8632833149270099	0.08315152370748688
2018-01-01 00:00:08.320	0.5027277968765104	-0.8665452815996069	0.08634621673212013
2018-01-01 00:00:08.340	0.5191619183288216	-0.8694634192156466	0.08939758856582741
2018-01-01 00:00:08.360	0.5357058031391407	-0.8720343583494309	0.09227749281476706
2018-01-01 00:00:08.380	0.552351521079828	-0.8742549173818712	0.09495962384872546
2018-01-01 00:00:08.400	0.5690910576101308	-0.8761221047640716	0.09741982728115481
2018-01-01 00:00:08.420	0.585916318555708	-0.877633121165469	0.09963638383053698
2018-01-01 00:00:08.440	0.6028191348418612	-0.878785361505135	0.10159026298749302
2018-01-01 00:00:08.460	0.6197912672775164	-0.8795764168649035	0.10326534329675002
2018-01-01 00:00:08.480	0.6368244113869813	-0.8800040762830719	0.10464859648855379
2018-01-01 00:00:08.500	0.653910202286499	-0.880066328427497	0.10573023315491593
2018-01-01 00:00:08.520	0.6710402196025378	-0.879761363146982	0.10650380815629437
2018-01-01 00:00:08.540	0.6882059924287851	-0.8790875728999247	0.10696628445766543
2018-01-01 00:00:08.560	0.7053990043187524	-0.8780435540592785	0.1071180546228572
2018-01-01 00:00:08.580	0.7226106983108738	-0.8766281080929529	0.10696291973570124
2018-01-01 00:00:08.600	0.7398324819829941	-0.8748402426188587	0.10650802605910341
2018-01-01 00:00:08.620	0.7570557325330872	-0.8726791723338813	0.10576376028158105
2018-01-01 00:00:08.640	0.7742718018830309	-0.8701443198161467	0.10474360472827353
2018-01-01 00:00:08.660	0.7914720218022836	-0.867235316200025	0.10346395442313668
2018-01-01 00:00:08.680	0.808647709048255	-0.8639520017233868	0.10194389837446305
2018-01-01 00:00:08.700	0.8257901705201619	-0.8602944261467275	0.1002049679108055
2018-01-01 00:00:08.720	0.8428907084231748	-0.8562628490438329	0.09827085531298853
2018-01-01 00:00:08.740	0.8599406254396256	-0.8518577399637542	0.09616710636482836
2018-01-01 00:00:08.760	0.8769312299040429	-0.8470797784639438	0.09392079077560639
2018-01-01 00:00:08.780	0.8938538409788098	-0.841929854014465	0.09156015470702873
2018-01-01 00:00:08.800	0.9106997938271877	-0.8364090657732982	0.08911425986278675
2018-01-01 00:00:08.820	0.9274604447805036	-0.8305187222328235	0.08661261376701533
2018-01-01 00:00:08.840	0.9441271764962632	-0.8242603407376475	0.08408479596679609
2018-01-01 00:00:08.860	0.9606914031039622	-0.8176356468740344	0.08156008494197126
2018-01-01 00:00:08.880	0.9771445753354043	-0.8106465737312651	0.07906709049232213
2018-01-01 00:00:08.900	0.9934781856363077	-0.8032952610353342	0.07663339629780455
2018-01-01 00:00:08.920	1.0096837732560033	-0.7955840541554898	0.07428521721298553
2018-01-01 00:00:08.940	1.0257529293120615	-0.7875155029841733	0.07204707566381537
2018-01-01 00:00:08.960	1.0416773018266732	-0.7790923606910191	0.06994150126590908
2018-01-01 00:00:08.980	1.057448600731634	-0.7703175823516495	0.06798875748178236
2018-01-01 00:00:09.000	1.0730586028388136	-0.7611943234520636	0.06620659878386984
2018-01-01 00:00:09.020	1.0884991567730051	-0.7517259382695175	0.0646100613951773
2018-01-01 00:00:09.040	1.1037621878640504	-0.7419159781308632	0.06321129024513743
2018-01-01 00:00:09.060	1.1188397029952175	-0.7317681895493784	0.06201940431023438
2018-01-01 00:00:09.080	1.1337237954047592	-0.7212865122412222	0.06104040201326792
2018-01-01 00:00:09.100	1.1484066494376857	-0.7104750770227016	0.06027710783808036
2018-01-01 00:00:09.120	1.1628805452447593	-0.6993382035896186	0.059729160784836366
2018-01-01 00:00:09.140	1.1771378634257703	-0.6878803981800569	0.05939304475134065
2018-01-01 00:00:09.160	1.191171089614205	-0.6761063511220072	0.059262160385335244
2018-01-01 00:00:09.180	1.2049728190004265	-0.6640209342673349	0.059326937418180084
2018-01-01 00:00:09.200	1.2185357607905352	-0.6516291983136525	0.059574985968649616
2018-01-01 00:00:09.220	1.2318527425981296	-0.6389363700157237	0.05999128480347053
2018-01-01 00:00:09.240	1.244916714766215	-0.6259478492881003	0.06055840406513213
2018-01-01 00:00:09.260	1.2577207546165454	-0.6126692062007801	0.06125675953353287
2018-01-01 00:00:09.280	1.2702580706237556	-0.5991061778697001	0.0620648950818813
2018-01-01 00:00:09.300	1.2825220065116636	-0.5852646652439848	0.0629597896241663
2018-01-01 00:00:09.320	1.2945060452691666	-0.5711507297919244	0.06391718453610454
2018-01-01 00:00:09.340	1.3062038130832425	-0.5567705900876945	0.06491192726782585
2018-01-01 00:00:09.360	1.3176090831865686	-0.5421306183009436	0.06591832665803281
2018-01-01 00:00:09.380	1.3287157796173628	-0.5272373365913784	0.06691051530866715
2018-01-01 00:00:09.400	1.3395179808890945	-0.5120974134105782	0.0678628142881589
2018-01-01 00:00:09.420	1.3500099235677532	-0.4967176597133196	0.06875009540128547
2018-01-01 00:00:09.440	1.36018600575445	-0.4811050250807278	0.06954813629492917
2018-01-01 00:00:09.460	1.3700407904711631	-0.46526659375765195	0.07023396376117301
2018-01-01 00:00:09.480	1.379569008947505	-0.44920958060671684	0.07078618075105264
2018-01-01 00:00:09.500	1.3887655638064569	-0.43294132698152493	0.07118527282191955
2018-01-01 00:00:09.520	1.3976255321470779	-0.4164692965215677	0.0714138900060862
2018-01-01 00:00:09.540	1.406144168522243	-0.399801070871447	0.07145710040482249
2018-01-01 00:00:09.560	1.4143169078095643	-0.3829443453270342	0.07130261217577931
2018-01-01 00:00:09.580	1.4221393679736818	-0.3659069244112613	0.07094096098887245
2018-01-01 00:00:09.600	1.4296073527181985	-0.3486967173822944	0.07036566047033116
2018-01-01 00:00:09.620	1.4367168540256017	-0.3313217336768305	0.06957331363130113
2018-01-01 00:00:09.640	1.4434640545835695	-0.3137900782913747	0.06856368377996376
2018-01-01 00:00:09.660	1.4498453300961522	-0.29610994710432187	0.06733972393814572
2018-01-01 00:00:09.680	1.455857251478377	-0.2782896221417474	0.06590756431813885
2018-01-01 00:00:09.700	1.461496586932893	-0.2603374667898488	0.06427645795606783
2018-01-01 00:00:09.720	1.4667603039073707	-0.24226192095697704	0.0624586851376842
2018-01-01 00:00:09.740	1.471645570931415	-0.2240714961882627	0.06046941778400787
2018-01-01 00:00:09.760	1.4761497593318464	-0.20577477073587389	0.058326545480953326
2018-01-01 00:00:09.780	1.4802704448252764	-0.18738038458793316	0.0560504653323249
2018-01-01 00:00:09.800	1.4840054089869779	-0.1688970344591851	0.05366383828299141
2018-01-01 00:00:09.820	1.4873526405951278	-0.1503334687465264	0.051191314992647494
2018-01-01 00:00:09.840	1.4903103368495816	-0.1316984824525008	0.048659234734755516
2018-01-01 00:00:09.860	1.492876904464416	-0.11300091207991493	0.04609530114499423
2018-01-01 00:00:09.880	1.4950509606335547	-0.0942496305007505	0.04352823894429836
2018-01-01 00:00:09.900	1.4968313338688701	-0.07545354180251926	0.0409874360095016
2018-01-01 00:00:09.920	1.4982170647102389	-0.05662157611529363	0.03850257535651402
2018-01-01 00:00:09.940	1.4992074063071033	-0.03776268442258495	0.036103261734367
2018-01-01 00:00:09.960	1.4998018248711749	-0.01888583335929842	0.0338186476016704
2018-01-01 00:00:09.980	1.5	-3.6739403974420594e-16	0.03167706326905719
